#
# TABLE STRUCTURE FOR: authors
#

use sql_capstone;

INSERT INTO `authors` (`id`, `firstname`, `lastname`) VALUES ('29', 'Abdullah', 'Halvorson');
INSERT INTO `authors` (`id`, `firstname`, `lastname`) VALUES ('19', 'Abner', 'Pollich');
INSERT INTO `authors` (`id`, `firstname`, `lastname`) VALUES ('36', 'Ada', 'Schmitt');
INSERT INTO `authors` (`id`, `firstname`, `lastname`) VALUES ('65', 'Alex', 'Herman');
INSERT INTO `authors` (`id`, `firstname`, `lastname`) VALUES ('76', 'Alfonzo', 'Abbott');
INSERT INTO `authors` (`id`, `firstname`, `lastname`) VALUES ('34', 'Alison', 'Corkery');
INSERT INTO `authors` (`id`, `firstname`, `lastname`) VALUES ('24', 'Alysha', 'Wehner');
INSERT INTO `authors` (`id`, `firstname`, `lastname`) VALUES ('48', 'Amari', 'Bernier');
INSERT INTO `authors` (`id`, `firstname`, `lastname`) VALUES ('74', 'America', 'Grimes');
INSERT INTO `authors` (`id`, `firstname`, `lastname`) VALUES ('51', 'Ariane', 'Wintheiser');
INSERT INTO `authors` (`id`, `firstname`, `lastname`) VALUES ('26', 'Arne', 'Little');
INSERT INTO `authors` (`id`, `firstname`, `lastname`) VALUES ('10', 'Arvilla', 'Leffler');
INSERT INTO `authors` (`id`, `firstname`, `lastname`) VALUES ('23', 'Audreanne', 'Swift');
INSERT INTO `authors` (`id`, `firstname`, `lastname`) VALUES ('77', 'Bernhard', 'Mante');
INSERT INTO `authors` (`id`, `firstname`, `lastname`) VALUES ('71', 'Billy', 'Denesik');
INSERT INTO `authors` (`id`, `firstname`, `lastname`) VALUES ('84', 'Boris', 'Haag');
INSERT INTO `authors` (`id`, `firstname`, `lastname`) VALUES ('88', 'Bradford', 'Senger');
INSERT INTO `authors` (`id`, `firstname`, `lastname`) VALUES ('6', 'Brandi', 'Altenwerth');
INSERT INTO `authors` (`id`, `firstname`, `lastname`) VALUES ('15', 'Brandy', 'Kshlerin');
INSERT INTO `authors` (`id`, `firstname`, `lastname`) VALUES ('30', 'Brannon', 'Johns');
INSERT INTO `authors` (`id`, `firstname`, `lastname`) VALUES ('41', 'Brendan', 'Witting');
INSERT INTO `authors` (`id`, `firstname`, `lastname`) VALUES ('58', 'Chad', 'VonRueden');
INSERT INTO `authors` (`id`, `firstname`, `lastname`) VALUES ('20', 'Chanel', 'Kshlerin');
INSERT INTO `authors` (`id`, `firstname`, `lastname`) VALUES ('100', 'Cheyanne', 'Bosco');
INSERT INTO `authors` (`id`, `firstname`, `lastname`) VALUES ('31', 'Citlalli', 'Legros');
INSERT INTO `authors` (`id`, `firstname`, `lastname`) VALUES ('62', 'Clair', 'Hamill');
INSERT INTO `authors` (`id`, `firstname`, `lastname`) VALUES ('44', 'Clyde', 'Langworth');
INSERT INTO `authors` (`id`, `firstname`, `lastname`) VALUES ('47', 'Connor', 'Schneider');
INSERT INTO `authors` (`id`, `firstname`, `lastname`) VALUES ('89', 'Crystal', 'Funk');
INSERT INTO `authors` (`id`, `firstname`, `lastname`) VALUES ('39', 'Dahlia', 'Kassulke');
INSERT INTO `authors` (`id`, `firstname`, `lastname`) VALUES ('35', 'Daniela', 'Koss');
INSERT INTO `authors` (`id`, `firstname`, `lastname`) VALUES ('1', 'Dejuan', 'Kihn');
INSERT INTO `authors` (`id`, `firstname`, `lastname`) VALUES ('94', 'Delbert', 'Crona');
INSERT INTO `authors` (`id`, `firstname`, `lastname`) VALUES ('38', 'Dennis', 'Schaden');
INSERT INTO `authors` (`id`, `firstname`, `lastname`) VALUES ('61', 'Devon', 'Hoeger');
INSERT INTO `authors` (`id`, `firstname`, `lastname`) VALUES ('40', 'Dolores', 'Block');
INSERT INTO `authors` (`id`, `firstname`, `lastname`) VALUES ('97', 'Earlene', 'Schuppe');
INSERT INTO `authors` (`id`, `firstname`, `lastname`) VALUES ('85', 'Edison', 'Auer');
INSERT INTO `authors` (`id`, `firstname`, `lastname`) VALUES ('95', 'Elenora', 'Sporer');
INSERT INTO `authors` (`id`, `firstname`, `lastname`) VALUES ('4', 'Elfrieda', 'Crooks');
INSERT INTO `authors` (`id`, `firstname`, `lastname`) VALUES ('93', 'Eliza', 'Price');
INSERT INTO `authors` (`id`, `firstname`, `lastname`) VALUES ('42', 'Elmore', 'Haley');
INSERT INTO `authors` (`id`, `firstname`, `lastname`) VALUES ('8', 'Everette', 'Wilkinson');
INSERT INTO `authors` (`id`, `firstname`, `lastname`) VALUES ('90', 'Evert', 'Hand');
INSERT INTO `authors` (`id`, `firstname`, `lastname`) VALUES ('78', 'Forest', 'Price');
INSERT INTO `authors` (`id`, `firstname`, `lastname`) VALUES ('68', 'Freda', 'Beier');
INSERT INTO `authors` (`id`, `firstname`, `lastname`) VALUES ('13', 'Garrison', 'Daugherty');
INSERT INTO `authors` (`id`, `firstname`, `lastname`) VALUES ('18', 'Grace', 'Fadel');
INSERT INTO `authors` (`id`, `firstname`, `lastname`) VALUES ('67', 'Grant', 'Wuckert');
INSERT INTO `authors` (`id`, `firstname`, `lastname`) VALUES ('21', 'Heath', 'Okuneva');
INSERT INTO `authors` (`id`, `firstname`, `lastname`) VALUES ('64', 'Helmer', 'Lind');
INSERT INTO `authors` (`id`, `firstname`, `lastname`) VALUES ('59', 'Hoyt', 'Torphy');
INSERT INTO `authors` (`id`, `firstname`, `lastname`) VALUES ('32', 'Ines', 'Murazik');
INSERT INTO `authors` (`id`, `firstname`, `lastname`) VALUES ('79', 'Jacky', 'Cassin');
INSERT INTO `authors` (`id`, `firstname`, `lastname`) VALUES ('33', 'Jaclyn', 'Herman');
INSERT INTO `authors` (`id`, `firstname`, `lastname`) VALUES ('57', 'Janiya', 'Grimes');
INSERT INTO `authors` (`id`, `firstname`, `lastname`) VALUES ('52', 'Jaunita', 'Tromp');
INSERT INTO `authors` (`id`, `firstname`, `lastname`) VALUES ('69', 'Jennie', 'Hoppe');
INSERT INTO `authors` (`id`, `firstname`, `lastname`) VALUES ('54', 'Jordane', 'Crooks');
INSERT INTO `authors` (`id`, `firstname`, `lastname`) VALUES ('99', 'Jordon', 'Olson');
INSERT INTO `authors` (`id`, `firstname`, `lastname`) VALUES ('16', 'Jovany', 'Oberbrunner');
INSERT INTO `authors` (`id`, `firstname`, `lastname`) VALUES ('91', 'Julio', 'McGlynn');
INSERT INTO `authors` (`id`, `firstname`, `lastname`) VALUES ('80', 'Kadin', 'Wiza');
INSERT INTO `authors` (`id`, `firstname`, `lastname`) VALUES ('55', 'Kaley', 'Weimann');
INSERT INTO `authors` (`id`, `firstname`, `lastname`) VALUES ('92', 'Karlie', 'Barton');
INSERT INTO `authors` (`id`, `firstname`, `lastname`) VALUES ('82', 'Katrina', 'Christiansen');
INSERT INTO `authors` (`id`, `firstname`, `lastname`) VALUES ('14', 'Ken', 'Howe');
INSERT INTO `authors` (`id`, `firstname`, `lastname`) VALUES ('87', 'Kiarra', 'Hintz');
INSERT INTO `authors` (`id`, `firstname`, `lastname`) VALUES ('96', 'Kristina', 'Sanford');
INSERT INTO `authors` (`id`, `firstname`, `lastname`) VALUES ('7', 'Lauretta', 'O\'Conner');
INSERT INTO `authors` (`id`, `firstname`, `lastname`) VALUES ('22', 'Layla', 'Stokes');
INSERT INTO `authors` (`id`, `firstname`, `lastname`) VALUES ('70', 'Lee', 'Feeney');
INSERT INTO `authors` (`id`, `firstname`, `lastname`) VALUES ('75', 'Leopold', 'Wisozk');
INSERT INTO `authors` (`id`, `firstname`, `lastname`) VALUES ('45', 'Liliane', 'Harvey');
INSERT INTO `authors` (`id`, `firstname`, `lastname`) VALUES ('37', 'Lucy', 'Dietrich');
INSERT INTO `authors` (`id`, `firstname`, `lastname`) VALUES ('86', 'Luis', 'Jacobs');
INSERT INTO `authors` (`id`, `firstname`, `lastname`) VALUES ('73', 'Magali', 'Roob');
INSERT INTO `authors` (`id`, `firstname`, `lastname`) VALUES ('17', 'Manuel', 'Miller');
INSERT INTO `authors` (`id`, `firstname`, `lastname`) VALUES ('81', 'Maureen', 'Larson');
INSERT INTO `authors` (`id`, `firstname`, `lastname`) VALUES ('28', 'Minnie', 'Auer');
INSERT INTO `authors` (`id`, `firstname`, `lastname`) VALUES ('56', 'Mollie', 'Mante');
INSERT INTO `authors` (`id`, `firstname`, `lastname`) VALUES ('60', 'Muhammad', 'Ratke');
INSERT INTO `authors` (`id`, `firstname`, `lastname`) VALUES ('72', 'Nestor', 'Boyle');
INSERT INTO `authors` (`id`, `firstname`, `lastname`) VALUES ('2', 'Obie', 'Koelpin');
INSERT INTO `authors` (`id`, `firstname`, `lastname`) VALUES ('50', 'Oliver', 'Upton');
INSERT INTO `authors` (`id`, `firstname`, `lastname`) VALUES ('49', 'Opal', 'Langworth');
INSERT INTO `authors` (`id`, `firstname`, `lastname`) VALUES ('9', 'Oral', 'Rosenbaum');
INSERT INTO `authors` (`id`, `firstname`, `lastname`) VALUES ('12', 'Patsy', 'Dach');
INSERT INTO `authors` (`id`, `firstname`, `lastname`) VALUES ('63', 'Rosina', 'Kris');
INSERT INTO `authors` (`id`, `firstname`, `lastname`) VALUES ('3', 'Ryan', 'Schamberger');
INSERT INTO `authors` (`id`, `firstname`, `lastname`) VALUES ('66', 'Rylan', 'Hauck');
INSERT INTO `authors` (`id`, `firstname`, `lastname`) VALUES ('27', 'Sabrina', 'Ondricka');
INSERT INTO `authors` (`id`, `firstname`, `lastname`) VALUES ('5', 'Sarai', 'Ferry');
INSERT INTO `authors` (`id`, `firstname`, `lastname`) VALUES ('25', 'Serenity', 'Little');
INSERT INTO `authors` (`id`, `firstname`, `lastname`) VALUES ('11', 'Shyanne', 'Daniel');
INSERT INTO `authors` (`id`, `firstname`, `lastname`) VALUES ('83', 'Syble', 'Jacobs');
INSERT INTO `authors` (`id`, `firstname`, `lastname`) VALUES ('46', 'Ted', 'Wilderman');
INSERT INTO `authors` (`id`, `firstname`, `lastname`) VALUES ('98', 'Tia', 'Botsford');
INSERT INTO `authors` (`id`, `firstname`, `lastname`) VALUES ('53', 'Viva', 'Jones');
INSERT INTO `authors` (`id`, `firstname`, `lastname`) VALUES ('43', 'Wilford', 'Murphy');


#
# TABLE STRUCTURE FOR: book_types
#

INSERT INTO `book_types` (`id`, `name`) VALUES ('1', 'аудио');
INSERT INTO `book_types` (`id`, `name`) VALUES ('2', 'бумажная');
INSERT INTO `book_types` (`id`, `name`) VALUES ('3', 'электронная');

#
# TABLE STRUCTURE FOR: genres
#

INSERT INTO `genres` (`id`, `name`) VALUES ('3', 'aliquam');
INSERT INTO `genres` (`id`, `name`) VALUES ('4', 'assumenda');
INSERT INTO `genres` (`id`, `name`) VALUES ('20', 'aut');
INSERT INTO `genres` (`id`, `name`) VALUES ('1', 'commodi');
INSERT INTO `genres` (`id`, `name`) VALUES ('17', 'consequatur');
INSERT INTO `genres` (`id`, `name`) VALUES ('18', 'dolorem');
INSERT INTO `genres` (`id`, `name`) VALUES ('19', 'dolores');
INSERT INTO `genres` (`id`, `name`) VALUES ('15', 'error');
INSERT INTO `genres` (`id`, `name`) VALUES ('11', 'esse');
INSERT INTO `genres` (`id`, `name`) VALUES ('16', 'et');
INSERT INTO `genres` (`id`, `name`) VALUES ('2', 'facere');
INSERT INTO `genres` (`id`, `name`) VALUES ('6', 'iste');
INSERT INTO `genres` (`id`, `name`) VALUES ('13', 'iure');
INSERT INTO `genres` (`id`, `name`) VALUES ('7', 'labore');
INSERT INTO `genres` (`id`, `name`) VALUES ('14', 'qui');
INSERT INTO `genres` (`id`, `name`) VALUES ('12', 'quibusdam');
INSERT INTO `genres` (`id`, `name`) VALUES ('8', 'rerum');
INSERT INTO `genres` (`id`, `name`) VALUES ('9', 'suscipit');
INSERT INTO `genres` (`id`, `name`) VALUES ('5', 'unde');
INSERT INTO `genres` (`id`, `name`) VALUES ('10', 'voluptatem');

#
# TABLE STRUCTURE FOR: sales
#


INSERT INTO `sales` (`id`, `discount`, `name`, `started_at`, `finished_at`, `created_at`, `updated_at`) VALUES ('1', '0.2', 'sint', '2001-06-14 06:38:39', '1988-07-03 06:18:55', '2005-06-27 00:21:10', '2008-12-07 16:13:26');
INSERT INTO `sales` (`id`, `discount`, `name`, `started_at`, `finished_at`, `created_at`, `updated_at`) VALUES ('2', '0.25', 'illo', '1998-12-22 01:31:34', '2004-04-11 00:24:08', '1989-03-09 15:15:33', '1992-07-17 21:09:52');
INSERT INTO `sales` (`id`, `discount`, `name`, `started_at`, `finished_at`, `created_at`, `updated_at`) VALUES ('3', '0.18', 'earum', '1985-01-16 12:55:00', '1972-03-17 19:59:37', '2005-10-30 23:21:51', '2000-06-11 11:07:05');
INSERT INTO `sales` (`id`, `discount`, `name`, `started_at`, `finished_at`, `created_at`, `updated_at`) VALUES ('4', '0.55', 'qui', '1999-04-13 14:28:56', '1994-05-02 11:27:29', '2007-10-10 00:08:16', '1970-03-03 17:30:09');
INSERT INTO `sales` (`id`, `discount`, `name`, `started_at`, `finished_at`, `created_at`, `updated_at`) VALUES ('5', '0.08', 'praesentium', '2015-11-25 01:50:01', '2006-08-28 03:29:33', '2013-03-14 21:22:39', '2002-06-19 19:27:50');
INSERT INTO `sales` (`id`, `discount`, `name`, `started_at`, `finished_at`, `created_at`, `updated_at`) VALUES ('6', '0.52', 'voluptas', '2010-05-17 18:39:00', '1997-10-06 16:41:49', '2010-06-30 09:40:41', '1995-07-12 04:46:47');
INSERT INTO `sales` (`id`, `discount`, `name`, `started_at`, `finished_at`, `created_at`, `updated_at`) VALUES ('7', '0.33', 'autem', '1971-12-28 12:42:17', '1977-06-10 21:37:51', '1992-08-31 12:06:53', '2005-01-17 23:53:54');
INSERT INTO `sales` (`id`, `discount`, `name`, `started_at`, `finished_at`, `created_at`, `updated_at`) VALUES ('8', '0.05', 'quia', '2017-09-09 23:57:25', '1970-08-17 01:24:54', '2014-01-15 11:11:52', '1999-10-19 16:28:41');
INSERT INTO `sales` (`id`, `discount`, `name`, `started_at`, `finished_at`, `created_at`, `updated_at`) VALUES ('9', '0.31', 'facere', '1975-06-27 09:40:09', '1979-03-24 14:36:41', '2006-11-25 03:32:48', '1985-02-14 06:06:29');
INSERT INTO `sales` (`id`, `discount`, `name`, `started_at`, `finished_at`, `created_at`, `updated_at`) VALUES ('10', '0.21', 'error', '1993-09-05 07:47:33', '1984-05-24 02:48:14', '1978-10-18 05:35:51', '1992-08-11 05:58:54');


#
# TABLE STRUCTURE FOR: books
#

INSERT INTO `books` (`id`, `name`, `book_type_id`, `author_id`, `genre_id`, `ISBN`, `price`, `sales_id`) VALUES ('1', 'amet', '2', '82', '20', '5542814279067', '6600641.41', '8');
INSERT INTO `books` (`id`, `name`, `book_type_id`, `author_id`, `genre_id`, `ISBN`, `price`, `sales_id`) VALUES ('2', 'voluptatum', '1', '32', '3', '3816172115440', '29670499.89', '8');
INSERT INTO `books` (`id`, `name`, `book_type_id`, `author_id`, `genre_id`, `ISBN`, `price`, `sales_id`) VALUES ('3', 'quia', '2', '26', '15', '6106048948904', '72.69', '9');
INSERT INTO `books` (`id`, `name`, `book_type_id`, `author_id`, `genre_id`, `ISBN`, `price`, `sales_id`) VALUES ('4', 'est', '3', '56', '3', '6242779899677', '32316.29', '9');
INSERT INTO `books` (`id`, `name`, `book_type_id`, `author_id`, `genre_id`, `ISBN`, `price`, `sales_id`) VALUES ('5', 'nesciunt', '2', '43', '20', '1537909677791', '295.18', '7');
INSERT INTO `books` (`id`, `name`, `book_type_id`, `author_id`, `genre_id`, `ISBN`, `price`, `sales_id`) VALUES ('6', 'aspernatur', '1', '8', '8', '6856537690983', '7591.78', '1');
INSERT INTO `books` (`id`, `name`, `book_type_id`, `author_id`, `genre_id`, `ISBN`, `price`, `sales_id`) VALUES ('7', 'odio', '3', '28', '11', '7783664083612', '1549.18', '3');
INSERT INTO `books` (`id`, `name`, `book_type_id`, `author_id`, `genre_id`, `ISBN`, `price`, `sales_id`) VALUES ('8', 'consequatur', '2', '30', '12', '8731466808193', '1662546.59', '1');
INSERT INTO `books` (`id`, `name`, `book_type_id`, `author_id`, `genre_id`, `ISBN`, `price`, `sales_id`) VALUES ('9', 'qui', '1', '55', '16', '7891945992848', '2859569.52', '3');
INSERT INTO `books` (`id`, `name`, `book_type_id`, `author_id`, `genre_id`, `ISBN`, `price`, `sales_id`) VALUES ('10', 'animi', '3', '92', '20', '8120576756805', '119.73', '3');
INSERT INTO `books` (`id`, `name`, `book_type_id`, `author_id`, `genre_id`, `ISBN`, `price`, `sales_id`) VALUES ('11', 'aut', '1', '75', '3', '5394843352142', '488039.80', '1');
INSERT INTO `books` (`id`, `name`, `book_type_id`, `author_id`, `genre_id`, `ISBN`, `price`, `sales_id`) VALUES ('12', 'pariatur', '1', '24', '18', '4574883812727', '24995460.53', '8');
INSERT INTO `books` (`id`, `name`, `book_type_id`, `author_id`, `genre_id`, `ISBN`, `price`, `sales_id`) VALUES ('13', 'facere', '2', '84', '8', '5723728346810', '1482.35', '10');
INSERT INTO `books` (`id`, `name`, `book_type_id`, `author_id`, `genre_id`, `ISBN`, `price`, `sales_id`) VALUES ('14', 'consequatur', '3', '75', '1', '8181466862793', '95088467.07', '8');
INSERT INTO `books` (`id`, `name`, `book_type_id`, `author_id`, `genre_id`, `ISBN`, `price`, `sales_id`) VALUES ('15', 'doloremque', '1', '56', '19', '4106351698054', '335578610.81', '7');
INSERT INTO `books` (`id`, `name`, `book_type_id`, `author_id`, `genre_id`, `ISBN`, `price`, `sales_id`) VALUES ('16', 'amet', '3', '48', '15', '7608411647389', '336.51', '10');
INSERT INTO `books` (`id`, `name`, `book_type_id`, `author_id`, `genre_id`, `ISBN`, `price`, `sales_id`) VALUES ('17', 'fuga', '1', '52', '5', '6440027504028', '3782190.39', '9');
INSERT INTO `books` (`id`, `name`, `book_type_id`, `author_id`, `genre_id`, `ISBN`, `price`, `sales_id`) VALUES ('18', 'sint', '2', '25', '3', '7799520049905', '2515952.80', '6');
INSERT INTO `books` (`id`, `name`, `book_type_id`, `author_id`, `genre_id`, `ISBN`, `price`, `sales_id`) VALUES ('19', 'amet', '3', '25', '13', '2245990870917', '46719874.30', '3');
INSERT INTO `books` (`id`, `name`, `book_type_id`, `author_id`, `genre_id`, `ISBN`, `price`, `sales_id`) VALUES ('20', 'porro', '2', '46', '1', '3254513256624', '176.53', '2');
INSERT INTO `books` (`id`, `name`, `book_type_id`, `author_id`, `genre_id`, `ISBN`, `price`, `sales_id`) VALUES ('21', 'inventore', '1', '41', '3', '8412472400904', '11.51', '3');
INSERT INTO `books` (`id`, `name`, `book_type_id`, `author_id`, `genre_id`, `ISBN`, `price`, `sales_id`) VALUES ('22', 'vero', '1', '16', '19', '6575314902023', '67773213.29', '2');
INSERT INTO `books` (`id`, `name`, `book_type_id`, `author_id`, `genre_id`, `ISBN`, `price`, `sales_id`) VALUES ('23', 'est', '3', '83', '17', '3857970282227', '26.67', '6');
INSERT INTO `books` (`id`, `name`, `book_type_id`, `author_id`, `genre_id`, `ISBN`, `price`, `sales_id`) VALUES ('24', 'ut', '1', '54', '11', '3914575850503', '39508244.31', '4');
INSERT INTO `books` (`id`, `name`, `book_type_id`, `author_id`, `genre_id`, `ISBN`, `price`, `sales_id`) VALUES ('25', 'in', '1', '77', '4', '4246516605204', '68.30', '5');
INSERT INTO `books` (`id`, `name`, `book_type_id`, `author_id`, `genre_id`, `ISBN`, `price`, `sales_id`) VALUES ('26', 'sit', '1', '32', '2', '9019230969020', '73.80', '10');
INSERT INTO `books` (`id`, `name`, `book_type_id`, `author_id`, `genre_id`, `ISBN`, `price`, `sales_id`) VALUES ('27', 'animi', '2', '68', '6', '6777474203590', '5979.70', '1');
INSERT INTO `books` (`id`, `name`, `book_type_id`, `author_id`, `genre_id`, `ISBN`, `price`, `sales_id`) VALUES ('28', 'odit', '1', '29', '4', '2056118593291', '69.85', '5');
INSERT INTO `books` (`id`, `name`, `book_type_id`, `author_id`, `genre_id`, `ISBN`, `price`, `sales_id`) VALUES ('29', 'alias', '3', '29', '13', '3601834558331', '69.58', '9');
INSERT INTO `books` (`id`, `name`, `book_type_id`, `author_id`, `genre_id`, `ISBN`, `price`, `sales_id`) VALUES ('30', 'autem', '2', '54', '20', '2417606935890', '1309067.10', '2');
INSERT INTO `books` (`id`, `name`, `book_type_id`, `author_id`, `genre_id`, `ISBN`, `price`, `sales_id`) VALUES ('31', 'modi', '2', '83', '15', '0474019109064', '1515.88', '7');
INSERT INTO `books` (`id`, `name`, `book_type_id`, `author_id`, `genre_id`, `ISBN`, `price`, `sales_id`) VALUES ('32', 'quos', '2', '23', '20', '7240577914253', '710.44', '5');
INSERT INTO `books` (`id`, `name`, `book_type_id`, `author_id`, `genre_id`, `ISBN`, `price`, `sales_id`) VALUES ('33', 'dolorem', '3', '17', '18', '5459331382256', '31.73', '1');
INSERT INTO `books` (`id`, `name`, `book_type_id`, `author_id`, `genre_id`, `ISBN`, `price`, `sales_id`) VALUES ('34', 'facere', '2', '97', '20', '4833151085026', '12.78', '1');
INSERT INTO `books` (`id`, `name`, `book_type_id`, `author_id`, `genre_id`, `ISBN`, `price`, `sales_id`) VALUES ('35', 'sit', '2', '26', '3', '0796172284638', '28272.58', '8');
INSERT INTO `books` (`id`, `name`, `book_type_id`, `author_id`, `genre_id`, `ISBN`, `price`, `sales_id`) VALUES ('36', 'facilis', '2', '29', '4', '4700644400700', '373.32', '3');
INSERT INTO `books` (`id`, `name`, `book_type_id`, `author_id`, `genre_id`, `ISBN`, `price`, `sales_id`) VALUES ('37', 'earum', '2', '83', '2', '3028639422635', '79.21', '1');
INSERT INTO `books` (`id`, `name`, `book_type_id`, `author_id`, `genre_id`, `ISBN`, `price`, `sales_id`) VALUES ('38', 'voluptatem', '2', '6', '4', '1251118802739', '554139.46', '8');
INSERT INTO `books` (`id`, `name`, `book_type_id`, `author_id`, `genre_id`, `ISBN`, `price`, `sales_id`) VALUES ('39', 'sed', '3', '88', '8', '1040157042675', '5579160.83', '3');
INSERT INTO `books` (`id`, `name`, `book_type_id`, `author_id`, `genre_id`, `ISBN`, `price`, `sales_id`) VALUES ('40', 'qui', '1', '34', '13', '2191656136683', '1.13', '1');
INSERT INTO `books` (`id`, `name`, `book_type_id`, `author_id`, `genre_id`, `ISBN`, `price`, `sales_id`) VALUES ('41', 'quia', '2', '54', '2', '6888793856813', '8727478.47', '10');
INSERT INTO `books` (`id`, `name`, `book_type_id`, `author_id`, `genre_id`, `ISBN`, `price`, `sales_id`) VALUES ('42', 'qui', '2', '9', '1', '1099002815313', '63.82', '2');
INSERT INTO `books` (`id`, `name`, `book_type_id`, `author_id`, `genre_id`, `ISBN`, `price`, `sales_id`) VALUES ('43', 'fugit', '2', '14', '18', '0006917219579', '43.41', '9');
INSERT INTO `books` (`id`, `name`, `book_type_id`, `author_id`, `genre_id`, `ISBN`, `price`, `sales_id`) VALUES ('44', 'dolorum', '2', '10', '2', '7636483994452', '8.21', '1');
INSERT INTO `books` (`id`, `name`, `book_type_id`, `author_id`, `genre_id`, `ISBN`, `price`, `sales_id`) VALUES ('45', 'asperiores', '3', '15', '1', '4430025612718', '267.88', '3');
INSERT INTO `books` (`id`, `name`, `book_type_id`, `author_id`, `genre_id`, `ISBN`, `price`, `sales_id`) VALUES ('46', 'consequuntur', '1', '19', '20', '8640772604947', '48.68', '1');
INSERT INTO `books` (`id`, `name`, `book_type_id`, `author_id`, `genre_id`, `ISBN`, `price`, `sales_id`) VALUES ('47', 'ut', '1', '34', '7', '3615403817856', '445070730.08', '2');
INSERT INTO `books` (`id`, `name`, `book_type_id`, `author_id`, `genre_id`, `ISBN`, `price`, `sales_id`) VALUES ('48', 'voluptatum', '2', '95', '5', '9730712042638', '439627160.58', '2');
INSERT INTO `books` (`id`, `name`, `book_type_id`, `author_id`, `genre_id`, `ISBN`, `price`, `sales_id`) VALUES ('49', 'nobis', '2', '35', '3', '0963252726180', '64650.24', '10');
INSERT INTO `books` (`id`, `name`, `book_type_id`, `author_id`, `genre_id`, `ISBN`, `price`, `sales_id`) VALUES ('50', 'ducimus', '2', '19', '3', '3643878209428', '15949.41', '8');
INSERT INTO `books` (`id`, `name`, `book_type_id`, `author_id`, `genre_id`, `ISBN`, `price`, `sales_id`) VALUES ('51', 'quam', '1', '1', '13', '9284796524212', '18645.19', '8');
INSERT INTO `books` (`id`, `name`, `book_type_id`, `author_id`, `genre_id`, `ISBN`, `price`, `sales_id`) VALUES ('52', 'vel', '1', '73', '16', '8407487316467', '54.82', '1');
INSERT INTO `books` (`id`, `name`, `book_type_id`, `author_id`, `genre_id`, `ISBN`, `price`, `sales_id`) VALUES ('53', 'harum', '3', '78', '6', '4813774204051', '233989782.37', '1');
INSERT INTO `books` (`id`, `name`, `book_type_id`, `author_id`, `genre_id`, `ISBN`, `price`, `sales_id`) VALUES ('54', 'architecto', '3', '26', '3', '2376459034223', '54.95', '1');
INSERT INTO `books` (`id`, `name`, `book_type_id`, `author_id`, `genre_id`, `ISBN`, `price`, `sales_id`) VALUES ('55', 'id', '2', '44', '4', '7799498996230', '5796.32', '3');
INSERT INTO `books` (`id`, `name`, `book_type_id`, `author_id`, `genre_id`, `ISBN`, `price`, `sales_id`) VALUES ('56', 'aut', '2', '41', '9', '2803503990078', '38334.97', '9');
INSERT INTO `books` (`id`, `name`, `book_type_id`, `author_id`, `genre_id`, `ISBN`, `price`, `sales_id`) VALUES ('57', 'rerum', '3', '57', '17', '4235201759269', '795.13', '2');
INSERT INTO `books` (`id`, `name`, `book_type_id`, `author_id`, `genre_id`, `ISBN`, `price`, `sales_id`) VALUES ('58', 'rerum', '3', '94', '19', '0437830230765', '254.01', '1');
INSERT INTO `books` (`id`, `name`, `book_type_id`, `author_id`, `genre_id`, `ISBN`, `price`, `sales_id`) VALUES ('59', 'dolore', '3', '57', '17', '0977818070575', '27768754.74', '1');
INSERT INTO `books` (`id`, `name`, `book_type_id`, `author_id`, `genre_id`, `ISBN`, `price`, `sales_id`) VALUES ('60', 'ut', '1', '58', '1', '9785656537562', '65.82', '2');
INSERT INTO `books` (`id`, `name`, `book_type_id`, `author_id`, `genre_id`, `ISBN`, `price`, `sales_id`) VALUES ('61', 'eaque', '2', '33', '5', '4629640020065', '246708.08', '3');
INSERT INTO `books` (`id`, `name`, `book_type_id`, `author_id`, `genre_id`, `ISBN`, `price`, `sales_id`) VALUES ('62', 'eaque', '2', '36', '7', '1283453552231', '19.49', '2');
INSERT INTO `books` (`id`, `name`, `book_type_id`, `author_id`, `genre_id`, `ISBN`, `price`, `sales_id`) VALUES ('63', 'sit', '3', '46', '9', '8098304729739', '3617376.10', '2');
INSERT INTO `books` (`id`, `name`, `book_type_id`, `author_id`, `genre_id`, `ISBN`, `price`, `sales_id`) VALUES ('64', 'in', '3', '85', '1', '6801901114182', '50.83', '7');
INSERT INTO `books` (`id`, `name`, `book_type_id`, `author_id`, `genre_id`, `ISBN`, `price`, `sales_id`) VALUES ('65', 'nihil', '2', '87', '16', '4939922407573', '93.35', '2');
INSERT INTO `books` (`id`, `name`, `book_type_id`, `author_id`, `genre_id`, `ISBN`, `price`, `sales_id`) VALUES ('66', 'quasi', '3', '71', '5', '3009956975329', '25235.50', '8');
INSERT INTO `books` (`id`, `name`, `book_type_id`, `author_id`, `genre_id`, `ISBN`, `price`, `sales_id`) VALUES ('67', 'corporis', '1', '6', '16', '1307332416247', '34.28', '6');
INSERT INTO `books` (`id`, `name`, `book_type_id`, `author_id`, `genre_id`, `ISBN`, `price`, `sales_id`) VALUES ('68', 'exercitationem', '2', '81', '15', '7738714430250', '38048.61', '10');
INSERT INTO `books` (`id`, `name`, `book_type_id`, `author_id`, `genre_id`, `ISBN`, `price`, `sales_id`) VALUES ('69', 'quia', '1', '95', '6', '3765748701611', '29.93', '8');
INSERT INTO `books` (`id`, `name`, `book_type_id`, `author_id`, `genre_id`, `ISBN`, `price`, `sales_id`) VALUES ('70', 'soluta', '1', '57', '18', '7020523149684', '6390.73', '1');
INSERT INTO `books` (`id`, `name`, `book_type_id`, `author_id`, `genre_id`, `ISBN`, `price`, `sales_id`) VALUES ('71', 'fuga', '1', '32', '6', '0590813254198', '74510.84', '9');
INSERT INTO `books` (`id`, `name`, `book_type_id`, `author_id`, `genre_id`, `ISBN`, `price`, `sales_id`) VALUES ('72', 'consectetur', '1', '31', '10', '8242272849701', '59491.92', '6');
INSERT INTO `books` (`id`, `name`, `book_type_id`, `author_id`, `genre_id`, `ISBN`, `price`, `sales_id`) VALUES ('73', 'perspiciatis', '1', '28', '15', '9836035231953', '164.26', '10');
INSERT INTO `books` (`id`, `name`, `book_type_id`, `author_id`, `genre_id`, `ISBN`, `price`, `sales_id`) VALUES ('74', 'ab', '3', '99', '14', '9898214426265', '93.50', '3');
INSERT INTO `books` (`id`, `name`, `book_type_id`, `author_id`, `genre_id`, `ISBN`, `price`, `sales_id`) VALUES ('75', 'ut', '1', '46', '17', '6398677883411', '1507.04', '7');
INSERT INTO `books` (`id`, `name`, `book_type_id`, `author_id`, `genre_id`, `ISBN`, `price`, `sales_id`) VALUES ('76', 'sapiente', '1', '54', '13', '0730281630572', '95.69', '4');
INSERT INTO `books` (`id`, `name`, `book_type_id`, `author_id`, `genre_id`, `ISBN`, `price`, `sales_id`) VALUES ('77', 'a', '2', '91', '3', '5913551487127', '567.76', '8');
INSERT INTO `books` (`id`, `name`, `book_type_id`, `author_id`, `genre_id`, `ISBN`, `price`, `sales_id`) VALUES ('78', 'reiciendis', '2', '99', '18', '3858325247686', '67.47', '5');
INSERT INTO `books` (`id`, `name`, `book_type_id`, `author_id`, `genre_id`, `ISBN`, `price`, `sales_id`) VALUES ('79', 'fugiat', '1', '15', '8', '5080567066693', '62.89', '5');
INSERT INTO `books` (`id`, `name`, `book_type_id`, `author_id`, `genre_id`, `ISBN`, `price`, `sales_id`) VALUES ('80', 'facilis', '2', '89', '2', '7676224480500', '48.51', '7');
INSERT INTO `books` (`id`, `name`, `book_type_id`, `author_id`, `genre_id`, `ISBN`, `price`, `sales_id`) VALUES ('81', 'sed', '1', '81', '12', '3948423984783', '24564698.33', '2');
INSERT INTO `books` (`id`, `name`, `book_type_id`, `author_id`, `genre_id`, `ISBN`, `price`, `sales_id`) VALUES ('82', 'optio', '3', '28', '8', '1481339796615', '369353997.75', '9');
INSERT INTO `books` (`id`, `name`, `book_type_id`, `author_id`, `genre_id`, `ISBN`, `price`, `sales_id`) VALUES ('83', 'nemo', '3', '21', '10', '9252610947256', '3510.35', '10');
INSERT INTO `books` (`id`, `name`, `book_type_id`, `author_id`, `genre_id`, `ISBN`, `price`, `sales_id`) VALUES ('84', 'rem', '3', '14', '8', '8223033626794', '479039365.08', '3');
INSERT INTO `books` (`id`, `name`, `book_type_id`, `author_id`, `genre_id`, `ISBN`, `price`, `sales_id`) VALUES ('85', 'necessitatibus', '1', '49', '20', '3717348766303', '6774624.47', '6');
INSERT INTO `books` (`id`, `name`, `book_type_id`, `author_id`, `genre_id`, `ISBN`, `price`, `sales_id`) VALUES ('86', 'eveniet', '2', '86', '1', '2536946178384', '202582922.29', '8');
INSERT INTO `books` (`id`, `name`, `book_type_id`, `author_id`, `genre_id`, `ISBN`, `price`, `sales_id`) VALUES ('87', 'dolorum', '3', '41', '6', '7765371269178', '21.72', '5');
INSERT INTO `books` (`id`, `name`, `book_type_id`, `author_id`, `genre_id`, `ISBN`, `price`, `sales_id`) VALUES ('88', 'necessitatibus', '1', '32', '2', '4453125433133', '7566.11', '5');
INSERT INTO `books` (`id`, `name`, `book_type_id`, `author_id`, `genre_id`, `ISBN`, `price`, `sales_id`) VALUES ('89', 'repellat', '1', '64', '12', '7345057262689', '14.52', '9');
INSERT INTO `books` (`id`, `name`, `book_type_id`, `author_id`, `genre_id`, `ISBN`, `price`, `sales_id`) VALUES ('90', 'iure', '3', '97', '15', '5426282911319', '71.65', '7');
INSERT INTO `books` (`id`, `name`, `book_type_id`, `author_id`, `genre_id`, `ISBN`, `price`, `sales_id`) VALUES ('91', 'enim', '1', '22', '13', '1929156887775', '400319858.38', '10');
INSERT INTO `books` (`id`, `name`, `book_type_id`, `author_id`, `genre_id`, `ISBN`, `price`, `sales_id`) VALUES ('92', 'unde', '2', '2', '3', '3844721160965', '181127.15', '5');
INSERT INTO `books` (`id`, `name`, `book_type_id`, `author_id`, `genre_id`, `ISBN`, `price`, `sales_id`) VALUES ('93', 'voluptates', '2', '10', '19', '3335492529412', '25981.90', '10');
INSERT INTO `books` (`id`, `name`, `book_type_id`, `author_id`, `genre_id`, `ISBN`, `price`, `sales_id`) VALUES ('94', 'illum', '3', '94', '16', '9083902210297', '6674.09', '10');
INSERT INTO `books` (`id`, `name`, `book_type_id`, `author_id`, `genre_id`, `ISBN`, `price`, `sales_id`) VALUES ('95', 'qui', '2', '3', '8', '6179348720953', '54477213.36', '7');
INSERT INTO `books` (`id`, `name`, `book_type_id`, `author_id`, `genre_id`, `ISBN`, `price`, `sales_id`) VALUES ('96', 'qui', '1', '46', '2', '8996496228073', '85566.03', '5');
INSERT INTO `books` (`id`, `name`, `book_type_id`, `author_id`, `genre_id`, `ISBN`, `price`, `sales_id`) VALUES ('97', 'delectus', '1', '66', '7', '1215480213061', '151.64', '10');
INSERT INTO `books` (`id`, `name`, `book_type_id`, `author_id`, `genre_id`, `ISBN`, `price`, `sales_id`) VALUES ('98', 'voluptatibus', '2', '7', '13', '4417902305022', '191.62', '8');
INSERT INTO `books` (`id`, `name`, `book_type_id`, `author_id`, `genre_id`, `ISBN`, `price`, `sales_id`) VALUES ('99', 'aspernatur', '1', '27', '15', '4402876196796', '87.37', '7');
INSERT INTO `books` (`id`, `name`, `book_type_id`, `author_id`, `genre_id`, `ISBN`, `price`, `sales_id`) VALUES ('100', 'tempore', '1', '82', '1', '8234551256172', '49900445.79', '8');


#
# TABLE STRUCTURE FOR: discounts
#


INSERT INTO `discounts` (`id`, `name`, `discount`) VALUES ('1', 'quod', '0.08');
INSERT INTO `discounts` (`id`, `name`, `discount`) VALUES ('2', 'quas', '0.07');
INSERT INTO `discounts` (`id`, `name`, `discount`) VALUES ('3', 'aperiam', '0.12');
INSERT INTO `discounts` (`id`, `name`, `discount`) VALUES ('4', 'eos', '0.09');
INSERT INTO `discounts` (`id`, `name`, `discount`) VALUES ('5', 'quo', '0.11');
INSERT INTO `discounts` (`id`, `name`, `discount`) VALUES ('6', 'inventore', '0.15');
INSERT INTO `discounts` (`id`, `name`, `discount`) VALUES ('7', 'voluptate', '0.14');
INSERT INTO `discounts` (`id`, `name`, `discount`) VALUES ('8', 'consectetur', '0.13');
INSERT INTO `discounts` (`id`, `name`, `discount`) VALUES ('9', 'aliquid', '0.06');
INSERT INTO `discounts` (`id`, `name`, `discount`) VALUES ('10', 'est', '0.05');




#
# TABLE STRUCTURE FOR: users
#

INSERT INTO `users` (`id`, `discount_id`, `email`) VALUES ('1', '6', 'lueilwitz.samanta@example.net');
INSERT INTO `users` (`id`, `discount_id`, `email`) VALUES ('2', '3', 'schneider.eleanore@example.org');
INSERT INTO `users` (`id`, `discount_id`, `email`) VALUES ('3', '6', 'rubie.king@example.com');
INSERT INTO `users` (`id`, `discount_id`, `email`) VALUES ('4', '10', 'celestino96@example.org');
INSERT INTO `users` (`id`, `discount_id`, `email`) VALUES ('5', '9', 'bashirian.berry@example.com');
INSERT INTO `users` (`id`, `discount_id`, `email`) VALUES ('6', '7', 'xheathcote@example.org');
INSERT INTO `users` (`id`, `discount_id`, `email`) VALUES ('7', '4', 'mdurgan@example.org');
INSERT INTO `users` (`id`, `discount_id`, `email`) VALUES ('8', '4', 'wdooley@example.org');
INSERT INTO `users` (`id`, `discount_id`, `email`) VALUES ('9', '5', 'glen92@example.net');
INSERT INTO `users` (`id`, `discount_id`, `email`) VALUES ('10', '9', 'gottlieb.sofia@example.net');
INSERT INTO `users` (`id`, `discount_id`, `email`) VALUES ('11', '10', 'annette16@example.net');
INSERT INTO `users` (`id`, `discount_id`, `email`) VALUES ('12', '7', 'rudy.frami@example.net');
INSERT INTO `users` (`id`, `discount_id`, `email`) VALUES ('13', '7', 'leffler.nellie@example.net');
INSERT INTO `users` (`id`, `discount_id`, `email`) VALUES ('14', '1', 'acrona@example.com');
INSERT INTO `users` (`id`, `discount_id`, `email`) VALUES ('15', '2', 'clemmie16@example.com');
INSERT INTO `users` (`id`, `discount_id`, `email`) VALUES ('16', '7', 'sheathcote@example.org');
INSERT INTO `users` (`id`, `discount_id`, `email`) VALUES ('17', '10', 'dickens.robin@example.net');
INSERT INTO `users` (`id`, `discount_id`, `email`) VALUES ('18', '9', 'hstrosin@example.net');
INSERT INTO `users` (`id`, `discount_id`, `email`) VALUES ('19', '5', 'krajcik.barrett@example.net');
INSERT INTO `users` (`id`, `discount_id`, `email`) VALUES ('20', '1', 'juanita.berge@example.org');
INSERT INTO `users` (`id`, `discount_id`, `email`) VALUES ('21', '2', 'lakin.guido@example.com');
INSERT INTO `users` (`id`, `discount_id`, `email`) VALUES ('22', '1', 'major32@example.com');
INSERT INTO `users` (`id`, `discount_id`, `email`) VALUES ('23', '2', 'eprosacco@example.org');
INSERT INTO `users` (`id`, `discount_id`, `email`) VALUES ('24', '2', 'merle21@example.net');
INSERT INTO `users` (`id`, `discount_id`, `email`) VALUES ('25', '7', 'mauricio94@example.org');
INSERT INTO `users` (`id`, `discount_id`, `email`) VALUES ('26', '2', 'anitzsche@example.com');
INSERT INTO `users` (`id`, `discount_id`, `email`) VALUES ('27', '2', 'koepp.christelle@example.com');
INSERT INTO `users` (`id`, `discount_id`, `email`) VALUES ('28', '2', 'wilkinson.obie@example.org');
INSERT INTO `users` (`id`, `discount_id`, `email`) VALUES ('29', '6', 'rose00@example.net');
INSERT INTO `users` (`id`, `discount_id`, `email`) VALUES ('30', '8', 'hayes.sanford@example.org');
INSERT INTO `users` (`id`, `discount_id`, `email`) VALUES ('31', '2', 'mccullough.kamryn@example.org');
INSERT INTO `users` (`id`, `discount_id`, `email`) VALUES ('32', '1', 'ines.davis@example.com');
INSERT INTO `users` (`id`, `discount_id`, `email`) VALUES ('33', '1', 'hilll.gretchen@example.net');
INSERT INTO `users` (`id`, `discount_id`, `email`) VALUES ('34', '8', 'yschroeder@example.org');
INSERT INTO `users` (`id`, `discount_id`, `email`) VALUES ('35', '10', 'elwin36@example.org');
INSERT INTO `users` (`id`, `discount_id`, `email`) VALUES ('36', '9', 'daphne.feest@example.org');
INSERT INTO `users` (`id`, `discount_id`, `email`) VALUES ('37', '4', 'leland45@example.net');
INSERT INTO `users` (`id`, `discount_id`, `email`) VALUES ('38', '3', 'catharine.schmidt@example.com');
INSERT INTO `users` (`id`, `discount_id`, `email`) VALUES ('39', '3', 'meaghan69@example.net');
INSERT INTO `users` (`id`, `discount_id`, `email`) VALUES ('40', '8', 'elliott25@example.net');
INSERT INTO `users` (`id`, `discount_id`, `email`) VALUES ('41', '2', 'goyette.adam@example.com');
INSERT INTO `users` (`id`, `discount_id`, `email`) VALUES ('42', '2', 'gregorio.weber@example.com');
INSERT INTO `users` (`id`, `discount_id`, `email`) VALUES ('43', '5', 'brenda98@example.net');
INSERT INTO `users` (`id`, `discount_id`, `email`) VALUES ('44', '8', 'stiedemann.kaci@example.net');
INSERT INTO `users` (`id`, `discount_id`, `email`) VALUES ('45', '2', 'quigley.chaya@example.com');
INSERT INTO `users` (`id`, `discount_id`, `email`) VALUES ('46', '6', 'allen75@example.org');
INSERT INTO `users` (`id`, `discount_id`, `email`) VALUES ('47', '4', 'thickle@example.com');
INSERT INTO `users` (`id`, `discount_id`, `email`) VALUES ('48', '2', 'qjacobs@example.net');
INSERT INTO `users` (`id`, `discount_id`, `email`) VALUES ('49', '5', 'olson.reese@example.com');
INSERT INTO `users` (`id`, `discount_id`, `email`) VALUES ('50', '8', 'cora.mcdermott@example.com');
INSERT INTO `users` (`id`, `discount_id`, `email`) VALUES ('51', '3', 'dpaucek@example.org');
INSERT INTO `users` (`id`, `discount_id`, `email`) VALUES ('52', '6', 'little.jessie@example.net');
INSERT INTO `users` (`id`, `discount_id`, `email`) VALUES ('53', '9', 'claudine.green@example.com');
INSERT INTO `users` (`id`, `discount_id`, `email`) VALUES ('54', '4', 'naomi.klocko@example.com');
INSERT INTO `users` (`id`, `discount_id`, `email`) VALUES ('55', '7', 'istiedemann@example.com');
INSERT INTO `users` (`id`, `discount_id`, `email`) VALUES ('56', '5', 'mccullough.hadley@example.org');
INSERT INTO `users` (`id`, `discount_id`, `email`) VALUES ('57', '5', 'agrimes@example.net');
INSERT INTO `users` (`id`, `discount_id`, `email`) VALUES ('58', '9', 'jaquan.friesen@example.net');
INSERT INTO `users` (`id`, `discount_id`, `email`) VALUES ('59', '7', 'hillard.tillman@example.com');
INSERT INTO `users` (`id`, `discount_id`, `email`) VALUES ('60', '10', 'lueilwitz.madie@example.net');
INSERT INTO `users` (`id`, `discount_id`, `email`) VALUES ('61', '6', 'powlowski.delfina@example.com');
INSERT INTO `users` (`id`, `discount_id`, `email`) VALUES ('62', '9', 'skylar.daniel@example.com');
INSERT INTO `users` (`id`, `discount_id`, `email`) VALUES ('63', '1', 'lthiel@example.org');
INSERT INTO `users` (`id`, `discount_id`, `email`) VALUES ('64', '6', 'jkling@example.org');
INSERT INTO `users` (`id`, `discount_id`, `email`) VALUES ('65', '6', 'pkuvalis@example.org');
INSERT INTO `users` (`id`, `discount_id`, `email`) VALUES ('66', '10', 'ankunding.vilma@example.net');
INSERT INTO `users` (`id`, `discount_id`, `email`) VALUES ('67', '5', 'cwest@example.org');
INSERT INTO `users` (`id`, `discount_id`, `email`) VALUES ('68', '10', 'caden.welch@example.com');
INSERT INTO `users` (`id`, `discount_id`, `email`) VALUES ('69', '3', 'vivien32@example.net');
INSERT INTO `users` (`id`, `discount_id`, `email`) VALUES ('70', '7', 'yvette.kozey@example.net');
INSERT INTO `users` (`id`, `discount_id`, `email`) VALUES ('71', '8', 'muriel45@example.com');
INSERT INTO `users` (`id`, `discount_id`, `email`) VALUES ('72', '4', 'nigel01@example.org');
INSERT INTO `users` (`id`, `discount_id`, `email`) VALUES ('73', '8', 'ike40@example.org');
INSERT INTO `users` (`id`, `discount_id`, `email`) VALUES ('74', '2', 'zoe.littel@example.org');
INSERT INTO `users` (`id`, `discount_id`, `email`) VALUES ('75', '1', 'dickens.korey@example.net');
INSERT INTO `users` (`id`, `discount_id`, `email`) VALUES ('76', '10', 'imccullough@example.com');
INSERT INTO `users` (`id`, `discount_id`, `email`) VALUES ('77', '7', 'leilani.hudson@example.org');
INSERT INTO `users` (`id`, `discount_id`, `email`) VALUES ('78', '5', 'austen.kutch@example.com');
INSERT INTO `users` (`id`, `discount_id`, `email`) VALUES ('79', '1', 'pinkie95@example.com');
INSERT INTO `users` (`id`, `discount_id`, `email`) VALUES ('80', '1', 'ali49@example.com');
INSERT INTO `users` (`id`, `discount_id`, `email`) VALUES ('81', '3', 'tcrona@example.com');
INSERT INTO `users` (`id`, `discount_id`, `email`) VALUES ('82', '4', 'sylvan18@example.org');
INSERT INTO `users` (`id`, `discount_id`, `email`) VALUES ('83', '7', 'bernice.bode@example.org');
INSERT INTO `users` (`id`, `discount_id`, `email`) VALUES ('84', '2', 'rippin.bethany@example.org');
INSERT INTO `users` (`id`, `discount_id`, `email`) VALUES ('85', '7', 'bmayer@example.org');
INSERT INTO `users` (`id`, `discount_id`, `email`) VALUES ('86', '4', 'mueller.melyna@example.net');
INSERT INTO `users` (`id`, `discount_id`, `email`) VALUES ('87', '7', 'msawayn@example.com');
INSERT INTO `users` (`id`, `discount_id`, `email`) VALUES ('88', '2', 'olson.florian@example.org');
INSERT INTO `users` (`id`, `discount_id`, `email`) VALUES ('89', '2', 'jackson26@example.net');
INSERT INTO `users` (`id`, `discount_id`, `email`) VALUES ('90', '3', 'fhayes@example.org');
INSERT INTO `users` (`id`, `discount_id`, `email`) VALUES ('91', '2', 'vsipes@example.org');
INSERT INTO `users` (`id`, `discount_id`, `email`) VALUES ('92', '7', 'johnson48@example.com');
INSERT INTO `users` (`id`, `discount_id`, `email`) VALUES ('93', '1', 'hirthe.forest@example.org');
INSERT INTO `users` (`id`, `discount_id`, `email`) VALUES ('94', '2', 'yjohns@example.com');
INSERT INTO `users` (`id`, `discount_id`, `email`) VALUES ('95', '3', 'prudence18@example.net');
INSERT INTO `users` (`id`, `discount_id`, `email`) VALUES ('96', '6', 'hschiller@example.com');
INSERT INTO `users` (`id`, `discount_id`, `email`) VALUES ('97', '1', 'afeest@example.org');
INSERT INTO `users` (`id`, `discount_id`, `email`) VALUES ('98', '7', 'enrico.murazik@example.com');
INSERT INTO `users` (`id`, `discount_id`, `email`) VALUES ('99', '5', 'coleman87@example.net');
INSERT INTO `users` (`id`, `discount_id`, `email`) VALUES ('100', '3', 'theresia61@example.org');

#
# TABLE STRUCTURE FOR: orders
#


INSERT INTO `orders` (`id`, `user_id`, `total`, `status`, `created_at`, `updated_at`) VALUES ('1', '80', 9, 'Размещен', '2001-06-18 07:15:14', '1997-06-23 11:09:54');
INSERT INTO `orders` (`id`, `user_id`, `total`, `status`, `created_at`, `updated_at`) VALUES ('2', '70', 4, 'Оплачен', '1986-02-12 20:01:52', '2011-06-24 15:56:10');
INSERT INTO `orders` (`id`, `user_id`, `total`, `status`, `created_at`, `updated_at`) VALUES ('3', '13', 4, 'Размещен', '2014-03-19 19:12:58', '2020-11-29 19:54:14');
INSERT INTO `orders` (`id`, `user_id`, `total`, `status`, `created_at`, `updated_at`) VALUES ('4', '84', 1, 'Размещен', '2015-11-15 11:54:28', '2001-10-28 05:17:55');
INSERT INTO `orders` (`id`, `user_id`, `total`, `status`, `created_at`, `updated_at`) VALUES ('5', '90', 3, 'Размещен', '1973-06-13 22:35:00', '1983-09-29 18:16:05');
INSERT INTO `orders` (`id`, `user_id`, `total`, `status`, `created_at`, `updated_at`) VALUES ('6', '54', 7, 'Доставлен', '2012-08-02 03:38:35', '1977-08-25 17:35:45');
INSERT INTO `orders` (`id`, `user_id`, `total`, `status`, `created_at`, `updated_at`) VALUES ('7', '97', 4, 'Размещен', '2004-06-29 07:31:50', '2018-03-12 05:48:31');
INSERT INTO `orders` (`id`, `user_id`, `total`, `status`, `created_at`, `updated_at`) VALUES ('8', '33', 2, 'Доставлен', '2013-05-06 00:56:59', '2002-05-03 13:21:49');
INSERT INTO `orders` (`id`, `user_id`, `total`, `status`, `created_at`, `updated_at`) VALUES ('9', '55', 6, 'Доставлен', '1976-09-10 06:44:32', '2020-05-25 16:12:05');
INSERT INTO `orders` (`id`, `user_id`, `total`, `status`, `created_at`, `updated_at`) VALUES ('10', '23', 6, 'Доставлен', '2015-03-16 06:57:07', '2004-06-27 00:02:06');
INSERT INTO `orders` (`id`, `user_id`, `total`, `status`, `created_at`, `updated_at`) VALUES ('11', '5', 7, 'Оплачен', '2018-09-24 16:07:14', '1980-11-17 11:07:47');
INSERT INTO `orders` (`id`, `user_id`, `total`, `status`, `created_at`, `updated_at`) VALUES ('12', '61', 3, 'Размещен', '2003-01-24 13:34:32', '2012-04-15 03:23:40');
INSERT INTO `orders` (`id`, `user_id`, `total`, `status`, `created_at`, `updated_at`) VALUES ('13', '26', 3, 'Размещен', '1977-01-21 07:09:37', '1993-02-13 04:43:05');
INSERT INTO `orders` (`id`, `user_id`, `total`, `status`, `created_at`, `updated_at`) VALUES ('14', '7', 6, 'Оплачен', '1974-12-11 15:49:13', '2016-08-11 07:49:58');
INSERT INTO `orders` (`id`, `user_id`, `total`, `status`, `created_at`, `updated_at`) VALUES ('15', '68', 7, 'Доставлен', '2006-02-06 09:54:22', '2007-05-27 00:52:59');
INSERT INTO `orders` (`id`, `user_id`, `total`, `status`, `created_at`, `updated_at`) VALUES ('16', '19', 1, 'Размещен', '1981-04-22 16:45:59', '1982-05-05 19:21:55');
INSERT INTO `orders` (`id`, `user_id`, `total`, `status`, `created_at`, `updated_at`) VALUES ('17', '35', 7, 'Оплачен', '1992-11-27 16:24:32', '1986-09-27 21:46:33');
INSERT INTO `orders` (`id`, `user_id`, `total`, `status`, `created_at`, `updated_at`) VALUES ('18', '99', 5, 'Оплачен', '1993-07-13 06:24:29', '2015-10-11 03:15:39');
INSERT INTO `orders` (`id`, `user_id`, `total`, `status`, `created_at`, `updated_at`) VALUES ('19', '80', 1, 'Оплачен', '2020-09-12 19:13:02', '1985-10-02 12:45:41');
INSERT INTO `orders` (`id`, `user_id`, `total`, `status`, `created_at`, `updated_at`) VALUES ('20', '26', 2, 'Оплачен', '2001-01-26 03:01:58', '2000-06-21 21:06:02');
INSERT INTO `orders` (`id`, `user_id`, `total`, `status`, `created_at`, `updated_at`) VALUES ('21', '68', 2, 'Оплачен', '1982-01-29 02:50:45', '2016-07-25 15:00:29');
INSERT INTO `orders` (`id`, `user_id`, `total`, `status`, `created_at`, `updated_at`) VALUES ('22', '97', 4, 'Размещен', '1972-04-11 03:41:09', '2005-09-16 13:06:21');
INSERT INTO `orders` (`id`, `user_id`, `total`, `status`, `created_at`, `updated_at`) VALUES ('23', '6', 4, 'Размещен', '1991-03-03 07:51:46', '2017-04-19 05:44:14');
INSERT INTO `orders` (`id`, `user_id`, `total`, `status`, `created_at`, `updated_at`) VALUES ('24', '78', 3, 'Доставлен', '1998-09-20 08:32:54', '1980-01-02 20:51:33');
INSERT INTO `orders` (`id`, `user_id`, `total`, `status`, `created_at`, `updated_at`) VALUES ('25', '5', 4, 'Доставлен', '2019-07-19 02:30:52', '1970-07-20 07:21:19');
INSERT INTO `orders` (`id`, `user_id`, `total`, `status`, `created_at`, `updated_at`) VALUES ('26', '16', 7, 'Размещен', '1979-01-29 17:29:38', '1983-09-19 13:21:41');
INSERT INTO `orders` (`id`, `user_id`, `total`, `status`, `created_at`, `updated_at`) VALUES ('27', '45', 9, 'Размещен', '1977-11-13 09:00:44', '1997-05-25 18:31:25');
INSERT INTO `orders` (`id`, `user_id`, `total`, `status`, `created_at`, `updated_at`) VALUES ('28', '26', 4, 'Доставлен', '1983-05-20 05:25:29', '1970-02-23 08:56:38');
INSERT INTO `orders` (`id`, `user_id`, `total`, `status`, `created_at`, `updated_at`) VALUES ('29', '73', 3, 'Доставлен', '2011-05-09 08:49:54', '1988-04-05 13:01:13');
INSERT INTO `orders` (`id`, `user_id`, `total`, `status`, `created_at`, `updated_at`) VALUES ('30', '62', 9, 'Размещен', '2014-02-02 07:10:01', '2003-04-23 13:08:58');
INSERT INTO `orders` (`id`, `user_id`, `total`, `status`, `created_at`, `updated_at`) VALUES ('31', '84', 4, 'Размещен', '1989-02-04 00:16:47', '1972-08-24 21:50:59');
INSERT INTO `orders` (`id`, `user_id`, `total`, `status`, `created_at`, `updated_at`) VALUES ('32', '52', 1, 'Размещен', '1981-04-06 00:10:21', '1982-08-13 16:46:52');
INSERT INTO `orders` (`id`, `user_id`, `total`, `status`, `created_at`, `updated_at`) VALUES ('33', '31', 4, 'Оплачен', '1975-10-05 14:52:45', '1997-07-01 11:17:14');
INSERT INTO `orders` (`id`, `user_id`, `total`, `status`, `created_at`, `updated_at`) VALUES ('34', '96', 1, 'Оплачен', '1982-07-04 08:21:02', '1987-06-29 08:24:18');
INSERT INTO `orders` (`id`, `user_id`, `total`, `status`, `created_at`, `updated_at`) VALUES ('35', '36', 8, 'Доставлен', '1978-07-02 18:00:41', '1971-11-12 21:45:13');
INSERT INTO `orders` (`id`, `user_id`, `total`, `status`, `created_at`, `updated_at`) VALUES ('36', '21', 8, 'Оплачен', '2001-08-26 16:59:33', '2007-06-01 16:05:15');
INSERT INTO `orders` (`id`, `user_id`, `total`, `status`, `created_at`, `updated_at`) VALUES ('37', '50', 9, 'Доставлен', '2016-11-18 14:22:04', '1986-03-10 02:52:55');
INSERT INTO `orders` (`id`, `user_id`, `total`, `status`, `created_at`, `updated_at`) VALUES ('38', '32', 2, 'Оплачен', '1987-10-13 13:51:39', '2006-03-23 21:52:25');
INSERT INTO `orders` (`id`, `user_id`, `total`, `status`, `created_at`, `updated_at`) VALUES ('39', '54', 2, 'Доставлен', '1992-01-23 17:47:42', '1970-05-23 21:30:14');
INSERT INTO `orders` (`id`, `user_id`, `total`, `status`, `created_at`, `updated_at`) VALUES ('40', '5', 5, 'Оплачен', '2010-09-04 13:03:04', '1973-06-29 18:44:04');
INSERT INTO `orders` (`id`, `user_id`, `total`, `status`, `created_at`, `updated_at`) VALUES ('41', '54', 9, 'Оплачен', '2011-12-12 22:28:14', '2014-04-24 08:28:47');
INSERT INTO `orders` (`id`, `user_id`, `total`, `status`, `created_at`, `updated_at`) VALUES ('42', '59', 9, 'Доставлен', '2013-07-04 11:24:48', '1989-12-08 04:40:19');
INSERT INTO `orders` (`id`, `user_id`, `total`, `status`, `created_at`, `updated_at`) VALUES ('43', '65', 8, 'Размещен', '1987-12-07 20:32:05', '2010-02-01 23:32:02');
INSERT INTO `orders` (`id`, `user_id`, `total`, `status`, `created_at`, `updated_at`) VALUES ('44', '80', 6, 'Доставлен', '1986-01-03 05:19:50', '2015-01-25 11:37:23');
INSERT INTO `orders` (`id`, `user_id`, `total`, `status`, `created_at`, `updated_at`) VALUES ('45', '65', 9, 'Размещен', '1983-01-04 14:05:57', '1989-06-20 16:35:40');
INSERT INTO `orders` (`id`, `user_id`, `total`, `status`, `created_at`, `updated_at`) VALUES ('46', '32', 4, 'Размещен', '2003-08-15 12:13:42', '2000-11-24 19:55:38');
INSERT INTO `orders` (`id`, `user_id`, `total`, `status`, `created_at`, `updated_at`) VALUES ('47', '98', 8, 'Размещен', '1985-04-30 00:19:19', '2000-06-06 22:14:27');
INSERT INTO `orders` (`id`, `user_id`, `total`, `status`, `created_at`, `updated_at`) VALUES ('48', '100', 1, 'Оплачен', '1975-07-12 22:10:37', '1994-05-18 13:33:23');
INSERT INTO `orders` (`id`, `user_id`, `total`, `status`, `created_at`, `updated_at`) VALUES ('49', '31', 2, 'Доставлен', '1987-09-04 01:23:02', '2009-09-20 15:23:15');
INSERT INTO `orders` (`id`, `user_id`, `total`, `status`, `created_at`, `updated_at`) VALUES ('50', '78', 1, 'Оплачен', '2001-05-14 10:08:30', '2020-07-08 05:27:24');
INSERT INTO `orders` (`id`, `user_id`, `total`, `status`, `created_at`, `updated_at`) VALUES ('51', '26', 5, 'Размещен', '1986-11-23 06:45:25', '1980-09-14 00:37:44');
INSERT INTO `orders` (`id`, `user_id`, `total`, `status`, `created_at`, `updated_at`) VALUES ('52', '99', 9, 'Размещен', '2019-05-22 10:52:19', '1978-04-12 07:46:44');
INSERT INTO `orders` (`id`, `user_id`, `total`, `status`, `created_at`, `updated_at`) VALUES ('53', '74', 9, 'Оплачен', '2007-09-14 23:14:05', '2004-10-30 06:35:00');
INSERT INTO `orders` (`id`, `user_id`, `total`, `status`, `created_at`, `updated_at`) VALUES ('54', '31', 3, 'Размещен', '1998-01-12 19:27:42', '2001-01-20 22:28:00');
INSERT INTO `orders` (`id`, `user_id`, `total`, `status`, `created_at`, `updated_at`) VALUES ('55', '77', 3, 'Доставлен', '2011-05-09 17:32:47', '2003-05-10 20:41:14');
INSERT INTO `orders` (`id`, `user_id`, `total`, `status`, `created_at`, `updated_at`) VALUES ('56', '79', 8, 'Размещен', '1998-06-22 02:39:14', '1972-03-11 09:32:50');
INSERT INTO `orders` (`id`, `user_id`, `total`, `status`, `created_at`, `updated_at`) VALUES ('57', '46', 2, 'Оплачен', '1981-06-15 04:55:41', '1997-05-05 13:16:07');
INSERT INTO `orders` (`id`, `user_id`, `total`, `status`, `created_at`, `updated_at`) VALUES ('58', '21', 3, 'Доставлен', '2015-01-21 08:35:06', '1978-02-20 17:49:40');
INSERT INTO `orders` (`id`, `user_id`, `total`, `status`, `created_at`, `updated_at`) VALUES ('59', '4', 9, 'Размещен', '1983-11-13 05:41:37', '1982-04-26 02:26:02');
INSERT INTO `orders` (`id`, `user_id`, `total`, `status`, `created_at`, `updated_at`) VALUES ('60', '19', 4, 'Доставлен', '1991-10-11 16:11:21', '1995-12-12 11:25:56');
INSERT INTO `orders` (`id`, `user_id`, `total`, `status`, `created_at`, `updated_at`) VALUES ('61', '82', 2, 'Доставлен', '1982-11-19 06:25:49', '2007-12-19 13:58:09');
INSERT INTO `orders` (`id`, `user_id`, `total`, `status`, `created_at`, `updated_at`) VALUES ('62', '88', 7, 'Доставлен', '2001-09-24 12:00:21', '1986-02-19 14:11:39');
INSERT INTO `orders` (`id`, `user_id`, `total`, `status`, `created_at`, `updated_at`) VALUES ('63', '71', 5, 'Размещен', '2000-08-20 02:43:29', '1989-09-26 22:57:06');
INSERT INTO `orders` (`id`, `user_id`, `total`, `status`, `created_at`, `updated_at`) VALUES ('64', '13', 7, 'Доставлен', '1972-01-01 03:47:05', '2002-11-20 08:31:48');
INSERT INTO `orders` (`id`, `user_id`, `total`, `status`, `created_at`, `updated_at`) VALUES ('65', '84', 4, 'Оплачен', '1979-03-05 13:21:11', '2013-11-09 05:53:00');
INSERT INTO `orders` (`id`, `user_id`, `total`, `status`, `created_at`, `updated_at`) VALUES ('66', '6', 2, 'Оплачен', '1992-11-14 04:23:03', '2019-10-13 10:59:23');
INSERT INTO `orders` (`id`, `user_id`, `total`, `status`, `created_at`, `updated_at`) VALUES ('67', '34', 9, 'Оплачен', '2001-06-07 00:59:58', '2018-09-23 08:33:35');
INSERT INTO `orders` (`id`, `user_id`, `total`, `status`, `created_at`, `updated_at`) VALUES ('68', '33', 3, 'Оплачен', '2010-02-03 20:04:34', '2003-12-29 22:12:06');
INSERT INTO `orders` (`id`, `user_id`, `total`, `status`, `created_at`, `updated_at`) VALUES ('69', '37', 2, 'Доставлен', '1981-12-10 04:03:59', '1990-11-12 22:06:27');
INSERT INTO `orders` (`id`, `user_id`, `total`, `status`, `created_at`, `updated_at`) VALUES ('70', '87', 4, 'Размещен', '1993-11-18 01:39:03', '2002-02-20 05:56:20');
INSERT INTO `orders` (`id`, `user_id`, `total`, `status`, `created_at`, `updated_at`) VALUES ('71', '37', 1, 'Оплачен', '2012-12-16 04:50:16', '1980-03-07 08:21:55');
INSERT INTO `orders` (`id`, `user_id`, `total`, `status`, `created_at`, `updated_at`) VALUES ('72', '91', 7, 'Размещен', '1971-02-22 08:38:49', '1985-03-09 06:57:00');
INSERT INTO `orders` (`id`, `user_id`, `total`, `status`, `created_at`, `updated_at`) VALUES ('73', '45', 4, 'Размещен', '1980-12-08 07:16:03', '2008-03-22 18:59:50');
INSERT INTO `orders` (`id`, `user_id`, `total`, `status`, `created_at`, `updated_at`) VALUES ('74', '2', 1, 'Доставлен', '1984-04-17 12:30:31', '1991-08-02 19:07:33');
INSERT INTO `orders` (`id`, `user_id`, `total`, `status`, `created_at`, `updated_at`) VALUES ('75', '70', 8, 'Размещен', '1994-08-11 02:55:26', '1970-08-04 05:45:46');
INSERT INTO `orders` (`id`, `user_id`, `total`, `status`, `created_at`, `updated_at`) VALUES ('76', '9', 7, 'Оплачен', '1995-12-09 18:14:42', '1991-10-21 03:25:57');
INSERT INTO `orders` (`id`, `user_id`, `total`, `status`, `created_at`, `updated_at`) VALUES ('77', '34', 5, 'Размещен', '2005-08-14 04:13:17', '1982-04-29 21:57:01');
INSERT INTO `orders` (`id`, `user_id`, `total`, `status`, `created_at`, `updated_at`) VALUES ('78', '68', 3, 'Оплачен', '1997-11-28 04:16:11', '1989-10-28 05:20:43');
INSERT INTO `orders` (`id`, `user_id`, `total`, `status`, `created_at`, `updated_at`) VALUES ('79', '8', 8, 'Доставлен', '1974-05-27 17:17:02', '1990-08-19 07:18:01');
INSERT INTO `orders` (`id`, `user_id`, `total`, `status`, `created_at`, `updated_at`) VALUES ('80', '65', 4, 'Оплачен', '2013-11-20 13:25:25', '1990-07-01 12:46:24');
INSERT INTO `orders` (`id`, `user_id`, `total`, `status`, `created_at`, `updated_at`) VALUES ('81', '45', 4, 'Доставлен', '2020-05-18 16:05:01', '2014-05-31 04:04:20');
INSERT INTO `orders` (`id`, `user_id`, `total`, `status`, `created_at`, `updated_at`) VALUES ('82', '33', 7, 'Доставлен', '2006-05-01 15:54:29', '1973-04-21 13:15:25');
INSERT INTO `orders` (`id`, `user_id`, `total`, `status`, `created_at`, `updated_at`) VALUES ('83', '63', 5, 'Размещен', '1986-01-03 04:54:42', '1971-01-29 14:51:37');
INSERT INTO `orders` (`id`, `user_id`, `total`, `status`, `created_at`, `updated_at`) VALUES ('84', '19', 2, 'Оплачен', '2015-11-13 05:12:26', '1993-04-29 19:17:40');
INSERT INTO `orders` (`id`, `user_id`, `total`, `status`, `created_at`, `updated_at`) VALUES ('85', '64', 7, 'Доставлен', '1996-10-24 22:45:18', '1989-01-02 15:33:54');
INSERT INTO `orders` (`id`, `user_id`, `total`, `status`, `created_at`, `updated_at`) VALUES ('86', '39', 8, 'Доставлен', '1993-10-02 15:49:40', '1986-12-26 01:56:36');
INSERT INTO `orders` (`id`, `user_id`, `total`, `status`, `created_at`, `updated_at`) VALUES ('87', '97', 5, 'Оплачен', '1976-04-30 10:24:06', '2005-10-26 09:23:52');
INSERT INTO `orders` (`id`, `user_id`, `total`, `status`, `created_at`, `updated_at`) VALUES ('88', '10', 9, 'Доставлен', '1988-02-11 06:30:21', '1995-05-02 07:07:49');
INSERT INTO `orders` (`id`, `user_id`, `total`, `status`, `created_at`, `updated_at`) VALUES ('89', '60', 3, 'Размещен', '2017-11-10 13:08:00', '1983-05-16 16:54:38');
INSERT INTO `orders` (`id`, `user_id`, `total`, `status`, `created_at`, `updated_at`) VALUES ('90', '1', 8, 'Размещен', '1993-03-11 20:04:43', '2008-07-25 01:39:31');
INSERT INTO `orders` (`id`, `user_id`, `total`, `status`, `created_at`, `updated_at`) VALUES ('91', '28', 3, 'Доставлен', '1997-05-08 16:22:06', '1971-09-13 18:34:25');
INSERT INTO `orders` (`id`, `user_id`, `total`, `status`, `created_at`, `updated_at`) VALUES ('92', '41', 9, 'Размещен', '2006-10-20 04:18:43', '1987-02-25 02:50:29');
INSERT INTO `orders` (`id`, `user_id`, `total`, `status`, `created_at`, `updated_at`) VALUES ('93', '88', 3, 'Размещен', '1980-12-16 04:43:13', '1988-06-17 22:16:49');
INSERT INTO `orders` (`id`, `user_id`, `total`, `status`, `created_at`, `updated_at`) VALUES ('94', '99', 8, 'Доставлен', '1989-03-29 07:49:56', '2017-03-14 13:56:05');
INSERT INTO `orders` (`id`, `user_id`, `total`, `status`, `created_at`, `updated_at`) VALUES ('95', '54', 8, 'Доставлен', '1986-11-14 02:25:09', '1986-09-18 04:07:24');
INSERT INTO `orders` (`id`, `user_id`, `total`, `status`, `created_at`, `updated_at`) VALUES ('96', '72', 4, 'Доставлен', '1971-12-28 04:37:07', '2006-04-25 10:27:21');
INSERT INTO `orders` (`id`, `user_id`, `total`, `status`, `created_at`, `updated_at`) VALUES ('97', '4', 1, 'Оплачен', '2002-04-25 11:30:45', '1974-10-02 18:46:38');
INSERT INTO `orders` (`id`, `user_id`, `total`, `status`, `created_at`, `updated_at`) VALUES ('98', '87', 3, 'Доставлен', '2019-02-16 09:01:08', '2010-07-01 11:41:46');
INSERT INTO `orders` (`id`, `user_id`, `total`, `status`, `created_at`, `updated_at`) VALUES ('99', '4', 6, 'Доставлен', '2007-01-27 18:45:47', '1996-10-25 16:56:27');
INSERT INTO `orders` (`id`, `user_id`, `total`, `status`, `created_at`, `updated_at`) VALUES ('100', '41', 9, 'Доставлен', '1987-10-20 10:43:37', '1999-01-02 05:19:02');


#
# TABLE STRUCTURE FOR: orders_books
#


INSERT INTO `orders_books` (`id`, `order_id`, `book_id`, `created_at`, `updated_at`) VALUES ('1', '39', '7', '2019-06-30 14:21:13', '2014-09-16 01:21:35');
INSERT INTO `orders_books` (`id`, `order_id`, `book_id`, `created_at`, `updated_at`) VALUES ('2', '17', '32', '2003-12-09 10:43:14', '2011-11-08 16:55:58');
INSERT INTO `orders_books` (`id`, `order_id`, `book_id`, `created_at`, `updated_at`) VALUES ('3', '60', '53', '1973-01-17 21:14:01', '2010-07-01 10:48:36');
INSERT INTO `orders_books` (`id`, `order_id`, `book_id`, `created_at`, `updated_at`) VALUES ('4', '46', '33', '1992-10-28 15:43:37', '1970-12-23 14:09:32');
INSERT INTO `orders_books` (`id`, `order_id`, `book_id`, `created_at`, `updated_at`) VALUES ('5', '67', '76', '1994-09-27 06:02:15', '1999-02-03 03:09:10');
INSERT INTO `orders_books` (`id`, `order_id`, `book_id`, `created_at`, `updated_at`) VALUES ('6', '97', '71', '1971-10-14 14:53:24', '1998-10-13 05:27:18');
INSERT INTO `orders_books` (`id`, `order_id`, `book_id`, `created_at`, `updated_at`) VALUES ('7', '54', '11', '1997-02-20 10:23:44', '1986-10-09 10:53:25');
INSERT INTO `orders_books` (`id`, `order_id`, `book_id`, `created_at`, `updated_at`) VALUES ('8', '62', '71', '1997-03-17 18:52:28', '2005-05-09 22:32:30');
INSERT INTO `orders_books` (`id`, `order_id`, `book_id`, `created_at`, `updated_at`) VALUES ('9', '84', '37', '1991-03-14 01:17:14', '2019-02-12 10:44:24');
INSERT INTO `orders_books` (`id`, `order_id`, `book_id`, `created_at`, `updated_at`) VALUES ('10', '26', '73', '1975-05-22 14:18:52', '1997-02-03 16:55:27');
INSERT INTO `orders_books` (`id`, `order_id`, `book_id`, `created_at`, `updated_at`) VALUES ('11', '15', '24', '1985-11-25 22:36:44', '2015-02-12 01:24:00');
INSERT INTO `orders_books` (`id`, `order_id`, `book_id`, `created_at`, `updated_at`) VALUES ('12', '10', '75', '1995-05-19 06:44:23', '2008-03-06 23:41:56');
INSERT INTO `orders_books` (`id`, `order_id`, `book_id`, `created_at`, `updated_at`) VALUES ('13', '28', '30', '2012-12-28 18:47:50', '1973-12-06 06:07:11');
INSERT INTO `orders_books` (`id`, `order_id`, `book_id`, `created_at`, `updated_at`) VALUES ('14', '50', '98', '2017-03-21 19:32:42', '1971-01-13 09:02:04');
INSERT INTO `orders_books` (`id`, `order_id`, `book_id`, `created_at`, `updated_at`) VALUES ('15', '62', '22', '1970-12-13 08:50:03', '1997-05-15 08:50:00');
INSERT INTO `orders_books` (`id`, `order_id`, `book_id`, `created_at`, `updated_at`) VALUES ('16', '94', '1', '1973-03-04 02:29:52', '1990-02-10 14:25:27');
INSERT INTO `orders_books` (`id`, `order_id`, `book_id`, `created_at`, `updated_at`) VALUES ('17', '29', '10', '2008-07-05 23:45:08', '2013-06-28 16:11:10');
INSERT INTO `orders_books` (`id`, `order_id`, `book_id`, `created_at`, `updated_at`) VALUES ('18', '32', '88', '1980-04-12 07:41:33', '1993-06-22 11:23:06');
INSERT INTO `orders_books` (`id`, `order_id`, `book_id`, `created_at`, `updated_at`) VALUES ('19', '63', '77', '1997-10-31 19:52:28', '1982-01-14 06:16:24');
INSERT INTO `orders_books` (`id`, `order_id`, `book_id`, `created_at`, `updated_at`) VALUES ('20', '20', '29', '1975-12-25 04:31:05', '2011-10-07 08:58:33');
INSERT INTO `orders_books` (`id`, `order_id`, `book_id`, `created_at`, `updated_at`) VALUES ('21', '52', '16', '1975-03-16 01:16:01', '1989-05-01 19:44:38');
INSERT INTO `orders_books` (`id`, `order_id`, `book_id`, `created_at`, `updated_at`) VALUES ('22', '100', '6', '2019-01-14 11:23:04', '1996-03-26 06:26:24');
INSERT INTO `orders_books` (`id`, `order_id`, `book_id`, `created_at`, `updated_at`) VALUES ('23', '27', '61', '1976-12-24 06:37:08', '2010-08-27 12:46:40');
INSERT INTO `orders_books` (`id`, `order_id`, `book_id`, `created_at`, `updated_at`) VALUES ('24', '76', '11', '1992-04-07 06:22:38', '1998-10-20 23:54:23');
INSERT INTO `orders_books` (`id`, `order_id`, `book_id`, `created_at`, `updated_at`) VALUES ('25', '98', '1', '1985-02-25 13:41:10', '1980-04-07 21:32:13');
INSERT INTO `orders_books` (`id`, `order_id`, `book_id`, `created_at`, `updated_at`) VALUES ('26', '83', '13', '2011-02-20 17:50:30', '1996-08-23 00:33:50');
INSERT INTO `orders_books` (`id`, `order_id`, `book_id`, `created_at`, `updated_at`) VALUES ('27', '25', '93', '2002-04-09 23:19:45', '2010-04-14 06:06:45');
INSERT INTO `orders_books` (`id`, `order_id`, `book_id`, `created_at`, `updated_at`) VALUES ('28', '87', '52', '1981-12-25 16:22:48', '1989-12-15 20:24:57');
INSERT INTO `orders_books` (`id`, `order_id`, `book_id`, `created_at`, `updated_at`) VALUES ('29', '22', '37', '2012-09-22 15:14:15', '1995-11-01 02:07:39');
INSERT INTO `orders_books` (`id`, `order_id`, `book_id`, `created_at`, `updated_at`) VALUES ('30', '49', '84', '1975-03-30 18:22:16', '1998-04-09 18:26:24');
INSERT INTO `orders_books` (`id`, `order_id`, `book_id`, `created_at`, `updated_at`) VALUES ('31', '59', '42', '1994-09-10 18:27:36', '2018-01-30 11:51:00');
INSERT INTO `orders_books` (`id`, `order_id`, `book_id`, `created_at`, `updated_at`) VALUES ('32', '84', '87', '2019-01-21 02:50:32', '1980-06-23 13:27:40');
INSERT INTO `orders_books` (`id`, `order_id`, `book_id`, `created_at`, `updated_at`) VALUES ('33', '52', '16', '1984-02-21 00:05:18', '2002-12-19 17:18:34');
INSERT INTO `orders_books` (`id`, `order_id`, `book_id`, `created_at`, `updated_at`) VALUES ('34', '74', '14', '2013-06-05 00:49:22', '1972-07-23 06:07:09');
INSERT INTO `orders_books` (`id`, `order_id`, `book_id`, `created_at`, `updated_at`) VALUES ('35', '92', '94', '1991-01-04 14:20:10', '2020-05-12 02:39:53');
INSERT INTO `orders_books` (`id`, `order_id`, `book_id`, `created_at`, `updated_at`) VALUES ('36', '43', '44', '2002-08-15 15:22:32', '1971-07-05 07:51:29');
INSERT INTO `orders_books` (`id`, `order_id`, `book_id`, `created_at`, `updated_at`) VALUES ('37', '10', '42', '1993-06-26 08:32:17', '1986-02-14 12:21:21');
INSERT INTO `orders_books` (`id`, `order_id`, `book_id`, `created_at`, `updated_at`) VALUES ('38', '49', '36', '1993-09-11 14:50:32', '1971-09-27 09:08:32');
INSERT INTO `orders_books` (`id`, `order_id`, `book_id`, `created_at`, `updated_at`) VALUES ('39', '3', '25', '2014-03-26 21:44:08', '1991-06-17 10:49:14');
INSERT INTO `orders_books` (`id`, `order_id`, `book_id`, `created_at`, `updated_at`) VALUES ('40', '47', '100', '1976-06-11 08:44:36', '1995-03-14 23:58:27');
INSERT INTO `orders_books` (`id`, `order_id`, `book_id`, `created_at`, `updated_at`) VALUES ('41', '26', '29', '2009-05-25 21:38:56', '1982-09-25 22:08:12');
INSERT INTO `orders_books` (`id`, `order_id`, `book_id`, `created_at`, `updated_at`) VALUES ('42', '12', '50', '2018-04-25 13:38:43', '1988-03-19 01:59:55');
INSERT INTO `orders_books` (`id`, `order_id`, `book_id`, `created_at`, `updated_at`) VALUES ('43', '21', '99', '1990-05-30 18:33:52', '1991-10-24 06:06:28');
INSERT INTO `orders_books` (`id`, `order_id`, `book_id`, `created_at`, `updated_at`) VALUES ('44', '2', '43', '2020-03-08 22:16:55', '2006-07-04 13:40:38');
INSERT INTO `orders_books` (`id`, `order_id`, `book_id`, `created_at`, `updated_at`) VALUES ('45', '36', '50', '2017-02-10 00:13:25', '2002-09-07 09:24:08');
INSERT INTO `orders_books` (`id`, `order_id`, `book_id`, `created_at`, `updated_at`) VALUES ('46', '27', '94', '2011-01-27 23:10:55', '1990-03-11 21:47:29');
INSERT INTO `orders_books` (`id`, `order_id`, `book_id`, `created_at`, `updated_at`) VALUES ('47', '91', '10', '2018-09-21 21:14:10', '2014-03-15 03:04:13');
INSERT INTO `orders_books` (`id`, `order_id`, `book_id`, `created_at`, `updated_at`) VALUES ('48', '80', '43', '1986-03-18 07:09:18', '1971-05-18 06:44:35');
INSERT INTO `orders_books` (`id`, `order_id`, `book_id`, `created_at`, `updated_at`) VALUES ('49', '25', '54', '1987-11-20 10:09:33', '2006-02-11 11:12:16');
INSERT INTO `orders_books` (`id`, `order_id`, `book_id`, `created_at`, `updated_at`) VALUES ('50', '56', '17', '2012-04-17 14:25:58', '1985-10-23 12:28:01');
INSERT INTO `orders_books` (`id`, `order_id`, `book_id`, `created_at`, `updated_at`) VALUES ('51', '48', '98', '1999-10-15 06:09:46', '2012-04-01 01:10:01');
INSERT INTO `orders_books` (`id`, `order_id`, `book_id`, `created_at`, `updated_at`) VALUES ('52', '61', '57', '1985-02-08 09:02:40', '1991-04-28 00:19:59');
INSERT INTO `orders_books` (`id`, `order_id`, `book_id`, `created_at`, `updated_at`) VALUES ('53', '39', '10', '1998-02-19 16:13:38', '2002-11-23 17:45:40');
INSERT INTO `orders_books` (`id`, `order_id`, `book_id`, `created_at`, `updated_at`) VALUES ('54', '93', '41', '2001-09-29 05:42:41', '2014-11-12 02:54:12');
INSERT INTO `orders_books` (`id`, `order_id`, `book_id`, `created_at`, `updated_at`) VALUES ('55', '35', '39', '2002-07-06 18:43:54', '1970-08-22 16:00:49');
INSERT INTO `orders_books` (`id`, `order_id`, `book_id`, `created_at`, `updated_at`) VALUES ('56', '41', '61', '1975-02-01 01:43:48', '1990-08-08 06:18:30');
INSERT INTO `orders_books` (`id`, `order_id`, `book_id`, `created_at`, `updated_at`) VALUES ('57', '68', '53', '1987-09-12 10:28:30', '1977-02-03 01:08:43');
INSERT INTO `orders_books` (`id`, `order_id`, `book_id`, `created_at`, `updated_at`) VALUES ('58', '11', '89', '2004-11-19 17:34:53', '1982-05-11 13:38:36');
INSERT INTO `orders_books` (`id`, `order_id`, `book_id`, `created_at`, `updated_at`) VALUES ('59', '51', '12', '1979-06-29 08:38:05', '2012-12-14 01:08:09');
INSERT INTO `orders_books` (`id`, `order_id`, `book_id`, `created_at`, `updated_at`) VALUES ('60', '31', '86', '1972-03-16 13:23:11', '2014-06-18 08:09:38');
INSERT INTO `orders_books` (`id`, `order_id`, `book_id`, `created_at`, `updated_at`) VALUES ('61', '61', '57', '2019-05-24 08:38:14', '2009-03-06 22:03:19');
INSERT INTO `orders_books` (`id`, `order_id`, `book_id`, `created_at`, `updated_at`) VALUES ('62', '80', '52', '1975-12-03 21:50:34', '1992-09-29 17:45:51');
INSERT INTO `orders_books` (`id`, `order_id`, `book_id`, `created_at`, `updated_at`) VALUES ('63', '67', '59', '2018-07-26 23:01:12', '1978-03-07 10:59:11');
INSERT INTO `orders_books` (`id`, `order_id`, `book_id`, `created_at`, `updated_at`) VALUES ('64', '94', '92', '1989-11-12 14:51:36', '1976-03-08 14:48:35');
INSERT INTO `orders_books` (`id`, `order_id`, `book_id`, `created_at`, `updated_at`) VALUES ('65', '13', '50', '1999-01-15 17:59:38', '1975-10-07 22:58:38');
INSERT INTO `orders_books` (`id`, `order_id`, `book_id`, `created_at`, `updated_at`) VALUES ('66', '9', '60', '1993-10-17 00:23:56', '2000-02-13 16:42:04');
INSERT INTO `orders_books` (`id`, `order_id`, `book_id`, `created_at`, `updated_at`) VALUES ('67', '47', '69', '2020-02-13 09:56:42', '2008-12-02 23:01:40');
INSERT INTO `orders_books` (`id`, `order_id`, `book_id`, `created_at`, `updated_at`) VALUES ('68', '17', '86', '1976-09-02 16:27:45', '2008-01-03 06:23:26');
INSERT INTO `orders_books` (`id`, `order_id`, `book_id`, `created_at`, `updated_at`) VALUES ('69', '79', '9', '2014-01-10 18:29:43', '2011-08-03 04:48:18');
INSERT INTO `orders_books` (`id`, `order_id`, `book_id`, `created_at`, `updated_at`) VALUES ('70', '26', '14', '1996-03-28 02:45:19', '1984-03-02 12:51:14');
INSERT INTO `orders_books` (`id`, `order_id`, `book_id`, `created_at`, `updated_at`) VALUES ('71', '48', '67', '1989-06-21 07:10:07', '1982-03-03 14:24:15');
INSERT INTO `orders_books` (`id`, `order_id`, `book_id`, `created_at`, `updated_at`) VALUES ('72', '74', '15', '1978-02-28 01:13:43', '1976-07-15 20:37:55');
INSERT INTO `orders_books` (`id`, `order_id`, `book_id`, `created_at`, `updated_at`) VALUES ('73', '19', '85', '1972-10-10 04:56:41', '1993-11-11 01:48:32');
INSERT INTO `orders_books` (`id`, `order_id`, `book_id`, `created_at`, `updated_at`) VALUES ('74', '3', '70', '1991-06-18 20:11:43', '1986-09-18 10:12:54');
INSERT INTO `orders_books` (`id`, `order_id`, `book_id`, `created_at`, `updated_at`) VALUES ('75', '97', '34', '1996-11-11 21:40:59', '1988-03-26 21:43:56');
INSERT INTO `orders_books` (`id`, `order_id`, `book_id`, `created_at`, `updated_at`) VALUES ('76', '56', '57', '1983-05-27 11:48:17', '2020-04-06 17:58:18');
INSERT INTO `orders_books` (`id`, `order_id`, `book_id`, `created_at`, `updated_at`) VALUES ('77', '91', '35', '1983-05-23 19:56:22', '2000-02-19 00:34:01');
INSERT INTO `orders_books` (`id`, `order_id`, `book_id`, `created_at`, `updated_at`) VALUES ('78', '9', '57', '1977-04-17 08:34:00', '1997-06-04 22:59:29');
INSERT INTO `orders_books` (`id`, `order_id`, `book_id`, `created_at`, `updated_at`) VALUES ('79', '93', '3', '2016-10-01 11:42:51', '1989-11-16 13:57:41');
INSERT INTO `orders_books` (`id`, `order_id`, `book_id`, `created_at`, `updated_at`) VALUES ('80', '48', '6', '1973-11-19 12:30:17', '2000-12-11 11:26:49');
INSERT INTO `orders_books` (`id`, `order_id`, `book_id`, `created_at`, `updated_at`) VALUES ('81', '53', '57', '2010-08-05 06:48:17', '1991-03-24 12:54:34');
INSERT INTO `orders_books` (`id`, `order_id`, `book_id`, `created_at`, `updated_at`) VALUES ('82', '66', '99', '1985-09-07 04:34:37', '1999-06-26 23:04:19');
INSERT INTO `orders_books` (`id`, `order_id`, `book_id`, `created_at`, `updated_at`) VALUES ('83', '26', '82', '2016-07-04 03:24:00', '1977-04-24 10:09:20');
INSERT INTO `orders_books` (`id`, `order_id`, `book_id`, `created_at`, `updated_at`) VALUES ('84', '84', '4', '1997-04-21 19:49:00', '1996-06-27 01:26:27');
INSERT INTO `orders_books` (`id`, `order_id`, `book_id`, `created_at`, `updated_at`) VALUES ('85', '90', '10', '1973-08-09 01:34:11', '1972-07-16 07:34:39');
INSERT INTO `orders_books` (`id`, `order_id`, `book_id`, `created_at`, `updated_at`) VALUES ('86', '18', '37', '1982-04-28 12:35:19', '1988-10-30 03:41:53');
INSERT INTO `orders_books` (`id`, `order_id`, `book_id`, `created_at`, `updated_at`) VALUES ('87', '76', '92', '2000-10-12 22:50:26', '2001-06-12 18:49:55');
INSERT INTO `orders_books` (`id`, `order_id`, `book_id`, `created_at`, `updated_at`) VALUES ('88', '52', '95', '1976-07-05 21:06:41', '1999-08-20 20:59:54');
INSERT INTO `orders_books` (`id`, `order_id`, `book_id`, `created_at`, `updated_at`) VALUES ('89', '76', '54', '1979-03-13 02:23:24', '2006-10-17 06:25:17');
INSERT INTO `orders_books` (`id`, `order_id`, `book_id`, `created_at`, `updated_at`) VALUES ('90', '64', '72', '2011-05-31 10:28:44', '1995-02-26 09:10:28');
INSERT INTO `orders_books` (`id`, `order_id`, `book_id`, `created_at`, `updated_at`) VALUES ('91', '88', '19', '1988-06-05 10:27:01', '2016-04-16 23:15:31');
INSERT INTO `orders_books` (`id`, `order_id`, `book_id`, `created_at`, `updated_at`) VALUES ('92', '29', '78', '2004-04-04 11:57:50', '1988-09-17 07:15:33');
INSERT INTO `orders_books` (`id`, `order_id`, `book_id`, `created_at`, `updated_at`) VALUES ('93', '53', '38', '1972-06-15 11:02:45', '1998-01-11 01:19:49');
INSERT INTO `orders_books` (`id`, `order_id`, `book_id`, `created_at`, `updated_at`) VALUES ('94', '34', '46', '1970-08-07 16:50:36', '1979-10-08 01:46:58');
INSERT INTO `orders_books` (`id`, `order_id`, `book_id`, `created_at`, `updated_at`) VALUES ('95', '41', '82', '2004-03-16 00:31:35', '1997-08-04 02:26:20');
INSERT INTO `orders_books` (`id`, `order_id`, `book_id`, `created_at`, `updated_at`) VALUES ('96', '51', '93', '2002-09-14 14:31:07', '1980-07-30 21:27:37');
INSERT INTO `orders_books` (`id`, `order_id`, `book_id`, `created_at`, `updated_at`) VALUES ('97', '39', '16', '1999-06-24 22:33:34', '1992-03-23 07:24:33');
INSERT INTO `orders_books` (`id`, `order_id`, `book_id`, `created_at`, `updated_at`) VALUES ('98', '91', '64', '1993-05-23 08:19:03', '2006-11-07 13:28:40');
INSERT INTO `orders_books` (`id`, `order_id`, `book_id`, `created_at`, `updated_at`) VALUES ('99', '97', '75', '1972-05-09 21:05:30', '1997-06-20 02:35:44');
INSERT INTO `orders_books` (`id`, `order_id`, `book_id`, `created_at`, `updated_at`) VALUES ('100', '68', '87', '1990-09-14 01:42:50', '2004-07-08 07:39:32');

#
# CORRECT STRUCTURE FOR: orders
#

UPDATE orders as o 
INNER JOIN (SELECT id, count(book_id) AS cb from orders_books GROUP BY order_id ) AS ob ON o.id = ob.id
SET o.total = ob.cb;

#
# TABLE STRUCTURE FOR: reviews
#


INSERT INTO `reviews` (`id`, `reviewer_name`, `book_id`, `review_text`) VALUES ('1', 'Prof. Savion Hamill', '93', 'Cum consequatur quae non asperiores eum dolorum ipsum. Temporibus perferendis non nostrum quam. Sed illo et quo. Eveniet quisquam iusto nesciunt explicabo blanditiis at.');
INSERT INTO `reviews` (`id`, `reviewer_name`, `book_id`, `review_text`) VALUES ('2', 'Jovani Rowe', '74', 'Officiis recusandae dolor id id non. Ut sit quod aliquid necessitatibus sunt unde dolores perferendis. Quo quod explicabo aut.');
INSERT INTO `reviews` (`id`, `reviewer_name`, `book_id`, `review_text`) VALUES ('3', 'Miss Victoria Schulist', '64', 'Necessitatibus est dolorem voluptas ad consectetur recusandae rerum. Dolores eius facere id maiores accusantium quidem consequatur. Sint enim ducimus sed quam quia accusamus vel. Non ea pariatur iure repellat sit et qui.');
INSERT INTO `reviews` (`id`, `reviewer_name`, `book_id`, `review_text`) VALUES ('4', 'Mrs. Jacquelyn O\'Kon V', '85', 'Molestias magnam molestiae ipsa dolor vitae rerum incidunt corrupti. Deleniti iste velit molestias laudantium accusamus dolor quia. Qui quae consequatur voluptates consectetur iste et.');
INSERT INTO `reviews` (`id`, `reviewer_name`, `book_id`, `review_text`) VALUES ('5', 'Dejon Kshlerin', '9', 'Ut nam eveniet suscipit reiciendis quia omnis a. Ad quia aut eaque optio. Vitae eum alias ut est doloribus.');
INSERT INTO `reviews` (`id`, `reviewer_name`, `book_id`, `review_text`) VALUES ('6', 'Rachelle Predovic I', '10', 'Cumque voluptas dolorem voluptates libero eaque facilis atque. Quidem animi est et autem. Dolores quam earum rerum sed vero. Repudiandae quam quisquam dolores quia totam aut.');
INSERT INTO `reviews` (`id`, `reviewer_name`, `book_id`, `review_text`) VALUES ('7', 'Douglas McKenzie', '68', 'Magni deserunt est minima. Harum est id incidunt a esse aliquam explicabo ratione. Voluptas molestiae eum animi non vel est. Incidunt cum voluptatem enim fugit nemo.');
INSERT INTO `reviews` (`id`, `reviewer_name`, `book_id`, `review_text`) VALUES ('8', 'Rosa Schamberger', '86', 'Soluta non labore temporibus. Consectetur aspernatur quisquam culpa qui corporis. Quidem sed cupiditate perspiciatis nihil sunt. Sed enim placeat voluptatem similique quo.');
INSERT INTO `reviews` (`id`, `reviewer_name`, `book_id`, `review_text`) VALUES ('9', 'Aubree Farrell', '28', 'Commodi autem eos blanditiis doloremque nobis aut. Ad numquam dolorem rerum aut quis aut. Fuga consequatur neque itaque incidunt. Autem voluptatibus necessitatibus placeat asperiores.');
INSERT INTO `reviews` (`id`, `reviewer_name`, `book_id`, `review_text`) VALUES ('10', 'Tiara Ebert', '94', 'Consequuntur eum provident a sed dolores repellendus sapiente. Ipsum adipisci autem nobis voluptatum sint dolor beatae. Et doloremque eos eius rem architecto.');
INSERT INTO `reviews` (`id`, `reviewer_name`, `book_id`, `review_text`) VALUES ('11', 'Reed Treutel', '27', 'Praesentium qui nesciunt corrupti eius. Dolorem consequatur sed perferendis eos vel eum dolores. Veniam deserunt fugit magni nobis. Dolor nesciunt assumenda nulla officiis.');
INSERT INTO `reviews` (`id`, `reviewer_name`, `book_id`, `review_text`) VALUES ('12', 'Colby Mills', '32', 'Sit sit consequatur consequatur aut velit cum. Molestias eaque omnis occaecati est quia ea autem.');
INSERT INTO `reviews` (`id`, `reviewer_name`, `book_id`, `review_text`) VALUES ('13', 'Clarabelle Abernathy', '46', 'Non qui rerum minus qui id explicabo deserunt laboriosam. Quibusdam velit quis et temporibus expedita. Nemo expedita fugit at.');
INSERT INTO `reviews` (`id`, `reviewer_name`, `book_id`, `review_text`) VALUES ('14', 'Miss Paige Windler MD', '99', 'Id quos expedita doloribus molestiae. Dicta sapiente est praesentium autem pariatur. Qui dignissimos inventore reiciendis numquam labore quia nisi. Fuga neque quia doloribus aperiam labore fuga tempore.');
INSERT INTO `reviews` (`id`, `reviewer_name`, `book_id`, `review_text`) VALUES ('15', 'Dangelo Abbott III', '94', 'Quas et quibusdam et atque dolorem fugit ipsum esse. Similique minus consequuntur cum dolor id voluptatem libero. Dignissimos et consequuntur explicabo quis architecto. Soluta rerum reprehenderit aut iure vel optio.');
INSERT INTO `reviews` (`id`, `reviewer_name`, `book_id`, `review_text`) VALUES ('16', 'Dr. Curt Kiehn', '19', 'Accusamus amet dignissimos maiores qui temporibus eum quibusdam est. Quisquam accusantium nihil similique et officiis ad reiciendis. Voluptate perferendis iusto voluptatem quam vel.');
INSERT INTO `reviews` (`id`, `reviewer_name`, `book_id`, `review_text`) VALUES ('17', 'Polly Kunze', '28', 'Aut quis dolorem animi quo officiis. Ea quo qui maxime vitae eveniet. Quis voluptas voluptas similique quia aut amet. Repellat sit eum quam delectus et.');
INSERT INTO `reviews` (`id`, `reviewer_name`, `book_id`, `review_text`) VALUES ('18', 'Leda Rau', '66', 'Ut voluptatem fugit id vel quia ut. Et harum id dolores facilis. Fugit vel nihil reiciendis accusantium sit dolores necessitatibus aut. Excepturi adipisci hic nihil sed molestiae sit perspiciatis. Ad et illo non nemo non.');
INSERT INTO `reviews` (`id`, `reviewer_name`, `book_id`, `review_text`) VALUES ('19', 'Arlo Lockman', '93', 'Excepturi quo adipisci non quibusdam iste doloribus. Eius sint quo voluptatem dolores eos sapiente nihil. Et ea perferendis provident commodi. Id eum nesciunt quia excepturi dolorum.');
INSERT INTO `reviews` (`id`, `reviewer_name`, `book_id`, `review_text`) VALUES ('20', 'Prof. Marquis Vandervort', '64', 'Et consequatur quisquam fugiat quae ut atque aut quis. Et sint quibusdam illum quia voluptas explicabo non sed. Aliquid hic suscipit accusamus. Et dolorum odit quae.');
INSERT INTO `reviews` (`id`, `reviewer_name`, `book_id`, `review_text`) VALUES ('21', 'Henriette Ortiz', '14', 'Blanditiis neque temporibus aut sint vel necessitatibus. Veritatis et tempora nulla est optio qui vel.');
INSERT INTO `reviews` (`id`, `reviewer_name`, `book_id`, `review_text`) VALUES ('22', 'Van Johns', '3', 'Culpa maxime ea dolore officia et fugit. Est quae enim accusamus quis dolorum dolores. Sed soluta voluptatum tenetur delectus debitis corrupti sit. Qui autem quam et facere deleniti molestias.');
INSERT INTO `reviews` (`id`, `reviewer_name`, `book_id`, `review_text`) VALUES ('23', 'Ms. Nakia Tillman', '1', 'Perspiciatis id nesciunt eum dolor doloremque ipsum. Similique adipisci at voluptatem quo. Placeat est excepturi voluptatem.');
INSERT INTO `reviews` (`id`, `reviewer_name`, `book_id`, `review_text`) VALUES ('24', 'Ms. Dolly Beahan Jr.', '76', 'Laborum culpa laudantium consectetur totam voluptatum corrupti consequatur. Tempore quibusdam vel cupiditate illo.');
INSERT INTO `reviews` (`id`, `reviewer_name`, `book_id`, `review_text`) VALUES ('25', 'Mr. Marlon Nienow III', '54', 'Illo ad dicta et eum vel in illo. Ea consectetur natus mollitia et. Id voluptates iste reprehenderit tempore et consequatur.');
INSERT INTO `reviews` (`id`, `reviewer_name`, `book_id`, `review_text`) VALUES ('26', 'Rafael Mayer', '42', 'In enim cumque dignissimos ipsam tempora tenetur nobis atque. Excepturi sed fugit molestiae quis tempora molestiae voluptates quod. Ratione ratione deserunt recusandae quam consectetur cum et ea.');
INSERT INTO `reviews` (`id`, `reviewer_name`, `book_id`, `review_text`) VALUES ('27', 'Prof. Noble Stamm MD', '41', 'Quis est sint maxime labore iure. Excepturi inventore hic asperiores vitae et. Aperiam repudiandae eos itaque eum.');
INSERT INTO `reviews` (`id`, `reviewer_name`, `book_id`, `review_text`) VALUES ('28', 'Alek Jerde', '36', 'Ea officiis impedit consequatur quidem. Odio officia aut itaque voluptatem.');
INSERT INTO `reviews` (`id`, `reviewer_name`, `book_id`, `review_text`) VALUES ('29', 'Annie Nikolaus', '31', 'Soluta asperiores amet doloremque voluptas fuga et debitis. Et et voluptatem deserunt aliquid. Doloremque molestiae ab neque atque. Veniam ipsa dolor est voluptate qui reprehenderit.');
INSERT INTO `reviews` (`id`, `reviewer_name`, `book_id`, `review_text`) VALUES ('30', 'Dusty Vandervort III', '51', 'Dolorem et ut vitae sint voluptates sunt officia. Labore qui molestiae autem aspernatur. Eius ut pariatur perspiciatis velit illum. Vel ipsum aliquid rerum et quia sed. Temporibus eum repellat perferendis id.');
INSERT INTO `reviews` (`id`, `reviewer_name`, `book_id`, `review_text`) VALUES ('31', 'Mr. Ricky Rice', '7', 'Omnis sequi dolores debitis iure asperiores quia. Accusantium consequatur praesentium aut accusantium.');
INSERT INTO `reviews` (`id`, `reviewer_name`, `book_id`, `review_text`) VALUES ('32', 'Cassandre Schulist', '24', 'Qui totam et molestias error et. Perspiciatis dolorem ipsa esse dolore. Dolor consequatur dolor saepe qui voluptas voluptatem.');
INSERT INTO `reviews` (`id`, `reviewer_name`, `book_id`, `review_text`) VALUES ('33', 'Maci Pagac', '25', 'Tempora error laboriosam eveniet voluptas facilis quos. Id rerum quas nobis officia nihil animi dolorem. Ea iusto quis placeat labore placeat. Odio necessitatibus mollitia iusto nostrum non.');
INSERT INTO `reviews` (`id`, `reviewer_name`, `book_id`, `review_text`) VALUES ('34', 'Ms. Piper Gerlach MD', '70', 'Consequuntur recusandae qui ut dolores est recusandae. Explicabo eum ipsum esse qui ad aperiam ex. Et est architecto sequi et amet. Alias velit aut sunt ipsum itaque sint.');
INSERT INTO `reviews` (`id`, `reviewer_name`, `book_id`, `review_text`) VALUES ('35', 'Edyth Nienow', '8', 'Est vel sed facere. Et et qui vero veniam aliquam facilis. Libero voluptatem ea dignissimos reiciendis officiis facilis repellendus. Qui dicta voluptatem numquam magni aliquam sed hic.');
INSERT INTO `reviews` (`id`, `reviewer_name`, `book_id`, `review_text`) VALUES ('36', 'Mrs. Elvie Lockman', '33', 'Veritatis non qui rerum voluptas velit et sit. Eum vel ea minima velit quis aut et. Qui inventore adipisci eos placeat.');
INSERT INTO `reviews` (`id`, `reviewer_name`, `book_id`, `review_text`) VALUES ('37', 'Walter Ledner', '80', 'Et et assumenda quo repellendus architecto. Voluptatum corporis ut doloribus est aliquam aut eaque deserunt. Quod eius fuga magnam eos. Non necessitatibus blanditiis qui praesentium. Molestiae aliquid ipsum dignissimos optio sapiente.');
INSERT INTO `reviews` (`id`, `reviewer_name`, `book_id`, `review_text`) VALUES ('38', 'Hillary Mraz PhD', '76', 'Nemo error aut ea et tenetur sint sit. Qui voluptas voluptatem sequi rerum totam veniam. Velit qui similique eaque aliquam eos repudiandae doloribus.');
INSERT INTO `reviews` (`id`, `reviewer_name`, `book_id`, `review_text`) VALUES ('39', 'Americo Gleason', '19', 'Mollitia dolor ut nesciunt itaque esse natus. Eum qui possimus quis est. Non nemo quae omnis illum.');
INSERT INTO `reviews` (`id`, `reviewer_name`, `book_id`, `review_text`) VALUES ('40', 'Miss Erika Konopelski DDS', '7', 'Nobis laborum a quos aut aut. Quia rerum ut dicta. Aut aliquam eum est. Laudantium natus esse repudiandae fuga accusantium harum.');
INSERT INTO `reviews` (`id`, `reviewer_name`, `book_id`, `review_text`) VALUES ('41', 'Anissa Schowalter', '70', 'Pariatur magni sunt perferendis. Reprehenderit quasi quia minima sunt quia enim qui sed. Necessitatibus nisi eos qui culpa. Blanditiis quo quos non eius distinctio necessitatibus doloribus.');
INSERT INTO `reviews` (`id`, `reviewer_name`, `book_id`, `review_text`) VALUES ('42', 'Barbara Wiza II', '46', 'Et et inventore et impedit. Ullam dolor dolorum corporis ut molestias iure dicta. Ad fugit et molestiae veniam doloribus ut. Blanditiis dolor occaecati facere suscipit saepe qui et ipsa.');
INSERT INTO `reviews` (`id`, `reviewer_name`, `book_id`, `review_text`) VALUES ('43', 'Rachelle Kunze', '38', 'Nostrum ab quia dolorem et alias. Illo in sed et ipsum. Aut ratione amet quod.');
INSERT INTO `reviews` (`id`, `reviewer_name`, `book_id`, `review_text`) VALUES ('44', 'Major Stiedemann', '15', 'Magnam dolorum nobis voluptas impedit voluptatem. Voluptatem dolore vero earum. Maxime vero deleniti molestiae non. Et laborum cum et aut nihil quo.');
INSERT INTO `reviews` (`id`, `reviewer_name`, `book_id`, `review_text`) VALUES ('45', 'Kaya Schuppe', '44', 'Error ipsum placeat cupiditate aperiam. Iusto reiciendis dignissimos aut laudantium vel. Adipisci voluptatem aut consectetur eum. Sunt qui magnam qui expedita.');
INSERT INTO `reviews` (`id`, `reviewer_name`, `book_id`, `review_text`) VALUES ('46', 'Eulah Stamm', '32', 'Et enim quam voluptatem eos sunt mollitia eum doloribus. Quasi omnis aliquam voluptatibus quasi. Assumenda laudantium amet excepturi vero accusamus voluptatem illum. Mollitia ipsa id mollitia minus labore.');
INSERT INTO `reviews` (`id`, `reviewer_name`, `book_id`, `review_text`) VALUES ('47', 'Albertha Koch Sr.', '33', 'Dolores voluptatem aspernatur atque porro dicta. Voluptas explicabo qui ipsam exercitationem aliquid perferendis. Est reprehenderit ea voluptatum deleniti. Quos soluta error quisquam eum reprehenderit.');
INSERT INTO `reviews` (`id`, `reviewer_name`, `book_id`, `review_text`) VALUES ('48', 'Donald Cremin I', '72', 'Aperiam itaque neque modi in porro velit. Ipsum quibusdam eum quibusdam nesciunt. Voluptatem dolorum similique quidem numquam. Ut eos reiciendis consectetur facilis omnis doloremque quam quisquam.');
INSERT INTO `reviews` (`id`, `reviewer_name`, `book_id`, `review_text`) VALUES ('49', 'Morgan Kreiger', '98', 'Explicabo unde reiciendis aut itaque quos. Quia qui consequatur perferendis nam. Sint est tenetur et sed ut.');
INSERT INTO `reviews` (`id`, `reviewer_name`, `book_id`, `review_text`) VALUES ('50', 'Olga Hammes', '25', 'Est et dolor qui. Adipisci nostrum reprehenderit rem animi. Qui quas ut in modi unde amet est. Illum voluptatem explicabo repudiandae aut.');
INSERT INTO `reviews` (`id`, `reviewer_name`, `book_id`, `review_text`) VALUES ('51', 'Linnie Streich', '35', 'Velit aut sint repellendus maxime. Nobis ducimus aperiam amet voluptatem recusandae perspiciatis ut. Necessitatibus sint odit asperiores officia eaque repellat dolore. Optio praesentium nobis deserunt velit.');
INSERT INTO `reviews` (`id`, `reviewer_name`, `book_id`, `review_text`) VALUES ('52', 'Ruth Runolfsdottir', '11', 'Hic nihil soluta sequi voluptas. Nihil rerum provident hic recusandae. Non libero aut expedita error. Dolore mollitia consectetur non quia.');
INSERT INTO `reviews` (`id`, `reviewer_name`, `book_id`, `review_text`) VALUES ('53', 'Florence Parker', '28', 'Iure reiciendis est corporis iste impedit unde. Omnis aut molestiae occaecati iure autem. Nisi quam fugiat et. Eveniet officia qui dolorem rem voluptas molestias.');
INSERT INTO `reviews` (`id`, `reviewer_name`, `book_id`, `review_text`) VALUES ('54', 'Telly Schmitt', '36', 'Impedit facilis adipisci dolores. Sed fugiat quidem fugiat. Vero nihil sed quas aut et. Molestiae rem illum repellendus.');
INSERT INTO `reviews` (`id`, `reviewer_name`, `book_id`, `review_text`) VALUES ('55', 'Brady Eichmann', '86', 'Iste et eos expedita est. Perspiciatis voluptates eum dolore dolorem. Ad voluptates reiciendis aliquam nam reprehenderit.');
INSERT INTO `reviews` (`id`, `reviewer_name`, `book_id`, `review_text`) VALUES ('56', 'Sheridan Kutch', '81', 'Eaque dolorem facere harum eum dolorum placeat eveniet. Dolor consequuntur ipsum explicabo unde cupiditate porro possimus. Quibusdam unde dolor quia voluptatibus.');
INSERT INTO `reviews` (`id`, `reviewer_name`, `book_id`, `review_text`) VALUES ('57', 'Prof. Filiberto Ruecker', '77', 'Voluptas et laborum dolorem velit architecto. Animi neque eos vitae odio at.');
INSERT INTO `reviews` (`id`, `reviewer_name`, `book_id`, `review_text`) VALUES ('58', 'Martine Friesen', '27', 'Ipsam aut deserunt velit nihil adipisci neque. Et aut totam ipsa iure. Laboriosam aut cupiditate sit nemo amet.');
INSERT INTO `reviews` (`id`, `reviewer_name`, `book_id`, `review_text`) VALUES ('59', 'Lou Abshire', '16', 'Vero sed aliquam odio vel architecto mollitia facere veniam. Eos rerum quasi sint unde repellendus officiis. Sapiente mollitia rerum impedit asperiores non in.');
INSERT INTO `reviews` (`id`, `reviewer_name`, `book_id`, `review_text`) VALUES ('60', 'Dr. Kelvin Wiegand DDS', '8', 'Labore aut modi cupiditate ut voluptatibus. Qui cupiditate nulla itaque omnis. Aspernatur iusto voluptatem dolor quia laudantium et esse aspernatur. Cum libero aut et aut ipsa.');
INSERT INTO `reviews` (`id`, `reviewer_name`, `book_id`, `review_text`) VALUES ('61', 'Connor Hoppe', '78', 'Ipsam nihil sed autem blanditiis eos. Deserunt sint quisquam omnis aspernatur praesentium ab omnis. Eligendi alias veritatis odit accusantium est tempore. Debitis nisi sit cumque magnam assumenda. Itaque soluta molestiae adipisci.');
INSERT INTO `reviews` (`id`, `reviewer_name`, `book_id`, `review_text`) VALUES ('62', 'Eva Keeling MD', '22', 'Ratione tenetur molestiae officiis. Non similique omnis occaecati earum quia consequuntur est et.');
INSERT INTO `reviews` (`id`, `reviewer_name`, `book_id`, `review_text`) VALUES ('63', 'Fleta Lynch', '31', 'Cum blanditiis quia praesentium eius. Debitis eos maiores quidem libero soluta et vel. Et est eaque quo rerum rem voluptas vero veniam. Error commodi nesciunt at laboriosam.');
INSERT INTO `reviews` (`id`, `reviewer_name`, `book_id`, `review_text`) VALUES ('64', 'Matilda Glover', '2', 'Voluptatum et non minus dolorem earum. Id placeat beatae unde voluptatibus iure quas. Consectetur soluta consectetur nisi.');
INSERT INTO `reviews` (`id`, `reviewer_name`, `book_id`, `review_text`) VALUES ('65', 'Mr. Ewald Schumm IV', '92', 'Recusandae quam facilis dicta ipsa. Esse nulla incidunt accusamus omnis rerum adipisci deleniti. Vero et et et magni praesentium aliquid enim. Fugit odit esse soluta fugiat ut magni iste sapiente.');
INSERT INTO `reviews` (`id`, `reviewer_name`, `book_id`, `review_text`) VALUES ('66', 'Nicolas Moen', '39', 'Vitae voluptatem nam velit accusantium aut delectus. Vel nesciunt sed doloribus voluptas. Dolorum eius magnam reiciendis rerum.');
INSERT INTO `reviews` (`id`, `reviewer_name`, `book_id`, `review_text`) VALUES ('67', 'Mrs. Myrtle Gleichner IV', '35', 'Velit sint quia quia. Aut consequuntur aut harum neque. Vero et velit quia dolorem nobis. Corporis tempore sequi in est ut similique molestias.');
INSERT INTO `reviews` (`id`, `reviewer_name`, `book_id`, `review_text`) VALUES ('68', 'Lukas Becker', '71', 'Veritatis est quibusdam eaque incidunt. Assumenda nostrum doloribus laborum aut voluptas nisi consequatur.');
INSERT INTO `reviews` (`id`, `reviewer_name`, `book_id`, `review_text`) VALUES ('69', 'Trinity Kub', '15', 'Adipisci similique et est qui amet voluptatem officia. Non est sequi unde occaecati rerum iste aperiam. Esse natus id quibusdam vel animi accusamus.');
INSERT INTO `reviews` (`id`, `reviewer_name`, `book_id`, `review_text`) VALUES ('70', 'Magnolia Armstrong', '53', 'Eum possimus cumque ex quisquam dolorum iusto. Harum porro sit molestiae voluptatem odit. Illum in sed doloribus commodi amet explicabo. Tenetur vitae assumenda voluptate.');
INSERT INTO `reviews` (`id`, `reviewer_name`, `book_id`, `review_text`) VALUES ('71', 'Arne Bailey', '78', 'Provident quaerat facilis quam ut voluptas perferendis eum. Neque quis nulla maiores numquam qui voluptatibus voluptates recusandae. Pariatur aliquam consequuntur quia aut exercitationem cumque et minus.');
INSERT INTO `reviews` (`id`, `reviewer_name`, `book_id`, `review_text`) VALUES ('72', 'Prof. Nina Lowe', '84', 'Tempore qui deserunt cumque illo exercitationem quidem voluptatibus repellat. Fugiat quis provident labore. Eos ut blanditiis sed assumenda eum est rerum.');
INSERT INTO `reviews` (`id`, `reviewer_name`, `book_id`, `review_text`) VALUES ('73', 'Thea Muller', '99', 'Expedita temporibus veniam aut. Accusantium minima aspernatur hic debitis accusantium sint.');
INSERT INTO `reviews` (`id`, `reviewer_name`, `book_id`, `review_text`) VALUES ('74', 'Jeremie Champlin', '16', 'Ipsam tempora non est suscipit. Nemo expedita neque iusto reprehenderit qui.');
INSERT INTO `reviews` (`id`, `reviewer_name`, `book_id`, `review_text`) VALUES ('75', 'Antonina Treutel', '98', 'Optio dolorem qui architecto corporis. Quia et ut commodi. Qui velit molestias consectetur sit quia sunt sed voluptatem. Aliquam fuga magni assumenda et sint repellat natus.');
INSERT INTO `reviews` (`id`, `reviewer_name`, `book_id`, `review_text`) VALUES ('76', 'Sibyl Nienow', '43', 'Ipsam laboriosam et nisi qui repudiandae ullam consequuntur. Nesciunt et fuga debitis iste cum voluptas. Veritatis ullam autem laborum aut autem.');
INSERT INTO `reviews` (`id`, `reviewer_name`, `book_id`, `review_text`) VALUES ('77', 'Antonette Koepp', '47', 'Id natus fugit provident aspernatur quas repudiandae. Non quo optio voluptates. Temporibus explicabo in ab autem tempora consequatur tenetur. Dolorem aut nisi vero qui labore odio et.');
INSERT INTO `reviews` (`id`, `reviewer_name`, `book_id`, `review_text`) VALUES ('78', 'Mr. Johnathon Barton', '31', 'Aut totam non ut dolores. Harum sint et officiis aliquid. Inventore voluptatem harum libero et quisquam corrupti voluptatem et.');
INSERT INTO `reviews` (`id`, `reviewer_name`, `book_id`, `review_text`) VALUES ('79', 'Oscar Kirlin DDS', '14', 'Libero sequi ipsa quaerat laboriosam rerum ut. Accusamus voluptatum sit alias dolorum rem facilis. Fugit dolores hic nam. Accusantium non ipsum est qui omnis est autem. Perspiciatis omnis a laudantium in.');
INSERT INTO `reviews` (`id`, `reviewer_name`, `book_id`, `review_text`) VALUES ('80', 'Joanie Koepp', '44', 'Cupiditate quam placeat qui blanditiis quibusdam. Ratione natus rem et repellat molestiae dicta rerum.');
INSERT INTO `reviews` (`id`, `reviewer_name`, `book_id`, `review_text`) VALUES ('81', 'Mr. Lew Krajcik', '56', 'Animi possimus architecto nemo numquam harum quam sint. Eos enim doloribus molestias laudantium omnis. Sunt perferendis praesentium delectus delectus temporibus recusandae. Vel natus quis magni. Est fuga harum repellendus est nisi fugiat.');
INSERT INTO `reviews` (`id`, `reviewer_name`, `book_id`, `review_text`) VALUES ('82', 'Johan Roberts', '49', 'A hic veniam aut odio tenetur. Provident architecto dolor temporibus. Et atque debitis dolores omnis. Autem aut tempora sed perspiciatis.');
INSERT INTO `reviews` (`id`, `reviewer_name`, `book_id`, `review_text`) VALUES ('83', 'Destini Ruecker', '55', 'Architecto voluptas ducimus non animi. Nemo nihil qui consequatur. Ut ut reprehenderit distinctio asperiores eveniet possimus maiores. Autem voluptatem laudantium unde ratione nobis.');
INSERT INTO `reviews` (`id`, `reviewer_name`, `book_id`, `review_text`) VALUES ('84', 'Christ Lehner', '83', 'Saepe magni autem nostrum sint cupiditate. Eum vel id aliquam velit nostrum minus optio quidem. Qui quam in ducimus.');
INSERT INTO `reviews` (`id`, `reviewer_name`, `book_id`, `review_text`) VALUES ('85', 'Laurel Altenwerth', '85', 'Cumque et tempora quod eligendi velit aut. Corporis quidem debitis aspernatur itaque numquam. Veritatis dolores fuga consequatur hic. Molestiae commodi vel molestias vitae veniam fuga quia. Ut amet id voluptatem molestias qui assumenda.');
INSERT INTO `reviews` (`id`, `reviewer_name`, `book_id`, `review_text`) VALUES ('86', 'Anderson Ortiz', '41', 'Numquam dolore ex recusandae expedita maiores quasi laboriosam iste. Iste aliquid hic dolorum ut id atque. Tenetur similique velit cupiditate voluptas eos.');
INSERT INTO `reviews` (`id`, `reviewer_name`, `book_id`, `review_text`) VALUES ('87', 'Dashawn Sipes', '63', 'Quibusdam enim dolorem ipsam dicta eum temporibus. Enim recusandae voluptatum non odio reprehenderit. Illo fuga corporis quo velit ut soluta.');
INSERT INTO `reviews` (`id`, `reviewer_name`, `book_id`, `review_text`) VALUES ('88', 'Ariane Sipes', '62', 'Impedit sed a dolore quas id saepe. Illo laboriosam itaque aut dignissimos et dolorum. Sunt sapiente similique amet maiores. Dolore doloremque qui temporibus eligendi.');
INSERT INTO `reviews` (`id`, `reviewer_name`, `book_id`, `review_text`) VALUES ('89', 'Gaetano Kertzmann', '68', 'Et ut quo vel expedita. Nemo aliquam voluptatem omnis incidunt. Sint in temporibus dolorum quia tempore voluptatem ut.');
INSERT INTO `reviews` (`id`, `reviewer_name`, `book_id`, `review_text`) VALUES ('90', 'Noel McLaughlin V', '79', 'Quis illo harum ut. Est dolorem perspiciatis facilis quia et. Accusamus dolor et sit.');
INSERT INTO `reviews` (`id`, `reviewer_name`, `book_id`, `review_text`) VALUES ('91', 'Dayton Schultz', '69', 'Quasi quis maiores atque at similique quia harum accusamus. Et harum optio sunt autem voluptate repellendus. Odit assumenda qui necessitatibus.');
INSERT INTO `reviews` (`id`, `reviewer_name`, `book_id`, `review_text`) VALUES ('92', 'Prof. Rocky Stroman PhD', '45', 'Sit molestiae veniam non aliquid. Quisquam quasi reiciendis consequatur error nam consectetur. Omnis cupiditate sit atque nostrum illum provident optio.');
INSERT INTO `reviews` (`id`, `reviewer_name`, `book_id`, `review_text`) VALUES ('93', 'Karine Dickens III', '1', 'Illo alias distinctio distinctio iste perferendis qui aliquid. Maxime suscipit deserunt unde voluptas beatae. Et dolores eaque perferendis consequuntur nulla error.');
INSERT INTO `reviews` (`id`, `reviewer_name`, `book_id`, `review_text`) VALUES ('94', 'Ubaldo Williamson', '100', 'Minus recusandae sequi tenetur sequi nulla. Ut consequatur porro totam dolor. Temporibus rerum quidem labore illum quia. Omnis consequatur odit sint consequatur.');
INSERT INTO `reviews` (`id`, `reviewer_name`, `book_id`, `review_text`) VALUES ('95', 'Nicola Stiedemann', '46', 'Nihil et aut cum possimus corrupti rerum. Eos velit omnis omnis aut. Temporibus sit perferendis similique debitis rerum reiciendis.');
INSERT INTO `reviews` (`id`, `reviewer_name`, `book_id`, `review_text`) VALUES ('96', 'Neva Runolfsson', '92', 'Facilis sit modi alias ut reiciendis voluptates totam similique. Quia et nulla laborum. Veritatis sunt illo blanditiis quibusdam. Natus numquam laborum officiis autem magni.');
INSERT INTO `reviews` (`id`, `reviewer_name`, `book_id`, `review_text`) VALUES ('97', 'Jovany Heaney', '39', 'Est sint labore cupiditate accusantium a deleniti non consectetur. Est sequi cumque modi. Eum enim et qui possimus adipisci itaque.');
INSERT INTO `reviews` (`id`, `reviewer_name`, `book_id`, `review_text`) VALUES ('98', 'Miss Heath Marks IV', '80', 'Ipsum quos ratione dicta tenetur quis vel. Qui facere quos velit dolore est vero.');
INSERT INTO `reviews` (`id`, `reviewer_name`, `book_id`, `review_text`) VALUES ('99', 'Cheyenne Beahan', '63', 'Temporibus laborum minus ab nobis. Doloribus quia non nihil beatae. Delectus aperiam enim eaque in soluta quia impedit deleniti. Quibusdam qui ea et libero.');
INSERT INTO `reviews` (`id`, `reviewer_name`, `book_id`, `review_text`) VALUES ('100', 'Chelsea Roob', '53', 'Et dicta sunt id eum eos sunt nam. Earum et in officiis incidunt exercitationem id facilis. Nemo ut sit eum neque ea vel. Qui occaecati quia porro quisquam dolorem cupiditate quisquam.');






